CODI_INE,NOMBRE_HABITANTS,NOMBRE_DONES,NOMBRE_HOMES,DONES_00_16,HOMES_00_16,DONES_17_29,HOMES_17_29,DONES_30_49,HOMES_30_49,DONES_50_69,HOMES_50_69,DONES_70,HOMES_70,NOMBRE_VEHICLES,LAT,LNG,WKT
"2-7-05","161","79","82","19","22","12","6","40","40","6","11","2","3","73","41,5445044164117","2,44812714965034","POINT (2.44812714965034 41.5445044164117)"
"1-2-11","359","182","177","23","24","25","21","57","59","52","49","25","24","144","41,5360962357671","2,44770383414957","POINT (2.44770383414957 41.5360962357671)"
"4-9-11","323","167","156","28","21","21","23","45","46","49","47","24","19","154","41,5474449213553","2,43796750200755","POINT (2.43796750200755 41.5474449213553)"
"4-9-10","270","145","125","29","28","15","12","54","47","24","24","23","14","122","41,5482789663759","2,43788453671741","POINT (2.43788453671741 41.5482789663759)"
"2-4-14","113","57","56","21","13","7","8","15","21","9","10","5","4","15","41,5463564163442","2,45099221404934","POINT (2.45099221404934 41.5463564163442)"
"2-4-16","83","46","37","14","9","7","5","12","16","8","5","5","2","14","41,5462693044569","2,45063130361705","POINT (2.45063130361705 41.5462693044569)"
"2-4-13","62","30","32","8","4","4","1","11","16","2","7","5","4","23","41,5464909143601","2,45073442402795","POINT (2.45073442402795 41.5464909143601)"
"2-4-12","33","18","15","5","4","3","0","3","7","2","1","5","3","4","41,5465096944214","2,45042460919107","POINT (2.45042460919107 41.5465096944214)"
"2-4-17","453","210","243","22","39","32","33","75","83","50","67","31","21","182","41,5459626254712","2,45038346817255","POINT (2.45038346817255 41.5459626254712)"
"2-4-06","260","132","128","21","15","16","21","33","34","49","44","13","14","106","41,5458677685586","2,451967127112","POINT (2.451967127112 41.5458677685586)"
"2-4-09","345","159","186","49","51","23","24","51","78","27","30","9","3","35","41,5464639799326","2,45133476771994","POINT (2.45133476771994 41.5464639799326)"
"2-4-11","129","68","61","13","14","11","6","15","22","21","13","8","6","27","41,5467562295135","2,45076923251833","POINT (2.45076923251833 41.5467562295135)"
"2-4-10","111","46","65","10","16","5","7","15","28","9","10","7","4","24","41,546833401003","2,45103100397524","POINT (2.45103100397524 41.546833401003)"
"2-4-08","60","29","31","6","5","4","6","9","8","6","9","4","3","10","41,5469195199187","2,45134521005715","POINT (2.45134521005715 41.5469195199187)"
"2-4-05","342","146","196","34","45","24","37","41","65","29","32","18","17","54","41,5468220194544","2,45194996609502","POINT (2.45194996609502 41.5468220194544)"
"2-4-07","44","23","21","7","6","2","1","5","5","3","4","6","5","8","41,5467562800201","2,45256663665205","POINT (2.45256663665205 41.5467562800201)"
"5-16-09","177","91","86","19","14","18","13","33","35","16","17","5","7","72","41,5415724922283","2,42409025030172","POINT (2.42409025030172 41.5415724922283)"
"5-4-15","50","28","22","10","5","3","0","11","14","1","0","3","3","21","41,5439658807165","2,42434232613005","POINT (2.42434232613005 41.5439658807165)"
"6-9-55","56","28","28","7","5","2","3","12","14","5","5","2","1","32","41,5264987400204","2,43363876582447","POINT (2.43363876582447 41.5264987400204)"
"6-9-58","43","26","17","0","0","0","0","0","1","0","1","26","15","","41,5274895987872","2,43353818605333","POINT (2.43353818605333 41.5274895987872)"
"6-9-56","54","24","30","3","5","5","3","13","18","3","4","0","0","20","41,5254729286349","2,43200392234187","POINT (2.43200392234187 41.5254729286349)"
"6-9-57","137","68","69","13","14","11","10","41","44","2","1","1","0","75","41,5244132941947","2,43031671739471","POINT (2.43031671739471 41.5244132941947)"
"4-9-02","269","127","142","25","50","13","5","61","61","19","16","9","10","128","41,5457351679461","2,43608814898706","POINT (2.43608814898706 41.5457351679461)"
"4-8-03","278","136","142","37","45","5","11","65","62","21","18","8","6","150","41,545160151144","2,43537205847329","POINT (2.43537205847329 41.545160151144)"
"4-8-04","482","241","241","72","77","16","18","101","97","38","34","14","15","245","41,5446102071015","2,4361593198698","POINT (2.4361593198698 41.5446102071015)"
"4-8-01","450","233","217","55","52","22","21","97","88","37","36","22","20","208","41,5440114139624","2,4354334240744","POINT (2.4354334240744 41.5440114139624)"
"2-7-12","338","168","170","43","44","9","6","83","77","26","37","7","6","177","41,544791402267","2,4513081138967","POINT (2.4513081138967 41.544791402267)"
"3-10-04","24","13","11","0","0","0","1","2","0","7","6","4","4","24","41,547285957521","2,44339635474235","POINT (2.44339635474235 41.547285957521)"
"3-12-09","47","25","22","8","7","1","2","10","10","5","3","1","0","16","41,5572177152514","2,45232526028849","POINT (2.45232526028849 41.5572177152514)"
"3-12-10","152","78","74","28","21","3","6","39","38","8","8","0","1","94","41,5581606010579","2,45317793717464","POINT (2.45317793717464 41.5581606010579)"
"3-12-07","100","44","56","14","23","3","3","24","26","2","3","1","1","39","41,5587748164468","2,45202292920027","POINT (2.45202292920027 41.5587748164468)"
"3-12-06","41","18","23","6","9","1","2","8","11","2","1","1","0","21","41,5578754927326","2,45113468031161","POINT (2.45113468031161 41.5578754927326)"
"2-7-06","95","58","37","14","6","2","4","22","11","9","9","11","7","39","41,5455935183854","2,44834562382556","POINT (2.44834562382556 41.5455935183854)"
"5-2-10","192","97","95","13","17","24","17","27","29","26","25","7","7","93","41,5433059683648","2,4278318598692","POINT (2.4278318598692 41.5433059683648)"
"2-1-08","193","97","96","21","26","9","8","33","32","25","21","9","9","74","41,5369467912842","2,45230205821019","POINT (2.45230205821019 41.5369467912842)"
"2-9-06","104","56","48","15","10","4","4","19","17","12","15","6","2","37","41,5413621006811","2,4487065703585","POINT (2.4487065703585 41.5413621006811)"
"3-14-01","290","148","142","24","21","18","16","39","42","54","44","13","19","210","41,5532740470691","2,44292043810922","POINT (2.44292043810922 41.5532740470691)"
"3-14-01","290","148","142","24","21","18","16","39","42","54","44","13","19","210","41,5523683823518","2,4434163568205","POINT (2.4434163568205 41.5523683823518)"
"3-14-01","290","148","142","24","21","18","16","39","42","54","44","13","19","210","41,5517357730323","2,44515643177708","POINT (2.44515643177708 41.5517357730323)"
"3-14-01","290","148","142","24","21","18","16","39","42","54","44","13","19","210","41,554387622028","2,44399971426321","POINT (2.44399971426321 41.554387622028)"
"4-2-05","111","60","51","11","8","7","8","18","13","12","14","12","8","50","41,5496985712946","2,43483384795741","POINT (2.43483384795741 41.5496985712946)"
"6-3-06","178","96","82","11","12","13","10","37","30","19","19","16","11","80","41,5349780243228","2,44057018971158","POINT (2.44057018971158 41.5349780243228)"
"4-9-09","116","56","60","11","13","7","10","19","20","14","12","5","5","47","41,5479573584439","2,4366973562104","POINT (2.4366973562104 41.5479573584439)"
"4-9-08","160","83","77","13","15","10","12","21","19","28","25","11","6","98","41,5487498443033","2,43699459364354","POINT (2.43699459364354 41.5487498443033)"
"4-9-07","270","138","132","29","31","12","17","45","49","30","24","22","11","106","41,5483528672618","2,43578187570437","POINT (2.43578187570437 41.5483528672618)"
"4-9-06","74","33","41","4","10","3","6","10","13","12","10","4","2","31","41,547944389971","2,43543934509055","POINT (2.43543934509055 41.547944389971)"
"3-6-13","73","38","35","8","6","5","5","6","7","15","15","4","2","46","41,553691909708","2,44658686447938","POINT (2.44658686447938 41.553691909708)"
"3-6-17","48","22","26","2","1","3","8","5","5","10","11","2","1","37","41,5538634972414","2,44717664006279","POINT (2.44717664006279 41.5538634972414)"
"3-13-15","235","118","117","26","28","15","18","41","42","28","24","8","5","126","41,5539499581851","2,44030315168144","POINT (2.44030315168144 41.5539499581851)"
"3-14-05","41","22","19","3","2","5","3","3","3","10","9","1","2","38","41,5538886429947","2,44248336312992","POINT (2.44248336312992 41.5538886429947)"
"1-3-01","248","125","123","13","13","16","14","27","41","46","35","23","20","100","41,5384053473059","2,44638333530597","POINT (2.44638333530597 41.5384053473059)"
"5-13-03","746","370","376","57","74","62","48","98","121","77","87","76","46","210","41,5370906012338","2,42736504400402","POINT (2.42736504400402 41.5370906012338)"
"4-5-21","61","28","33","3","5","3","4","8","15","8","6","6","3","35","41,5459212455011","2,43029346321323","POINT (2.43029346321323 41.5459212455011)"
"4-5-26","142","76","66","14","10","15","11","24","24","21","17","2","4","94","41,5442292494368","2,43099356262843","POINT (2.43099356262843 41.5442292494368)"
"4-5-28","52","32","20","6","2","6","3","8","7","9","5","3","3","30","41,5442283848066","2,43040763614225","POINT (2.43040763614225 41.5442283848066)"
"4-5-27","52","24","28","4","4","2","3","9","12","5","6","4","3","36","41,5446003992514","2,43039854890008","POINT (2.43039854890008 41.5446003992514)"
"6-9-53","299","142","157","16","19","16","18","42","50","39","45","29","25","79","41,5316030138734","2,43576160783793","POINT (2.43576160783793 41.5316030138734)"
"6-9-08","537","276","261","45","56","36","33","77","92","75","61","43","19","177","41,532348191655","2,43509368531087","POINT (2.43509368531087 41.532348191655)"
"6-9-51","135","70","65","12","7","7","6","25","21","21","21","5","10","30","41,5320215558715","2,43398122385646","POINT (2.43398122385646 41.5320215558715)"
"3-13-09","260","127","133","24","35","18","15","39","37","42","44","4","2","174","41,5530551051521","2,43810207072748","POINT (2.43810207072748 41.5530551051521)"
"3-14-04","312","157","155","25","24","16","27","37","38","54","46","25","20","191","41,5525797454029","2,44160668037049","POINT (2.44160668037049 41.5525797454029)"
"3-6-16","51","28","23","4","3","4","4","6","4","14","11","0","1","36","41,5533006357316","2,44754481111275","POINT (2.44754481111275 41.5533006357316)"
"3-13-13","253","130","123","26","31","22","19","49","38","23","29","10","6","148","41,5532994998798","2,44103237877986","POINT (2.44103237877986 41.5532994998798)"
"3-6-04","69","32","37","7","6","1","7","13","11","6","9","5","4","33","41,5533880322344","2,4450709208969","POINT (2.4450709208969 41.5533880322344)"
"3-6-05","190","102","88","16","15","23","15","22","22","33","32","8","4","113","41,5534749401754","2,4455974212518","POINT (2.4455974212518 41.5534749401754)"
"3-13-12","329","163","166","31","38","25","30","60","54","41","40","6","4","196","41,5534869423726","2,4391603179608","POINT (2.4391603179608 41.5534869423726)"
"3-6-09","27","14","13","2","1","1","1","2","5","7","5","2","1","22","41,5535717327464","2,44616332311912","POINT (2.44616332311912 41.5535717327464)"
"3-6-07","259","130","129","29","24","22","27","39","34","29","31","11","13","138","41,5542967401454","2,44533312437413","POINT (2.44533312437413 41.5542967401454)"
"3-6-14","119","60","59","11","14","9","9","17","15","21","19","2","2","84","41,5544557565223","2,44627799214826","POINT (2.44627799214826 41.5544557565223)"
"3-14-01","290","148","142","24","21","18","16","39","42","54","44","13","19","210","41,5535062875099","2,44439312328596","POINT (2.44439312328596 41.5535062875099)"
"2-1-02","188","87","101","10","22","10","8","30","37","25","23","12","11","107","41,5387737357241","2,44989845546507","POINT (2.44989845546507 41.5387737357241)"
"1-7-11","60","38","22","6","1","4","4","10","8","8","7","10","2","28","41,5389088614636","2,43939469427638","POINT (2.43939469427638 41.5389088614636)"
"5-10-08","766","327","439","73","109","53","76","120","174","45","56","36","24","129","41,5388451949605","2,42572488034008","POINT (2.42572488034008 41.5388451949605)"
"1-3-02","289","142","147","22","27","25","17","56","66","28","24","11","13","94","41,5389881222416","2,44590206002355","POINT (2.44590206002355 41.5389881222416)"
"2-1-03","116","61","55","10","7","4","4","23","19","12","13","12","12","63","41,5390717513114","2,45043487019708","POINT (2.45043487019708 41.5390717513114)"
"6-5-06","182","97","85","6","12","12","11","15","12","32","25","32","25","83","41,5392421652198","2,43309074902729","POINT (2.43309074902729 41.5392421652198)"
"6-6-02","332","164","168","16","24","22","24","49","62","49","39","28","19","152","41,5391453850789","2,4350001988279","POINT (2.4350001988279 41.5391453850789)"
"5-7-01","236","111","125","16","22","15","26","34","30","37","38","9","9","144","41,5391128858308","2,42230133335975","POINT (2.42230133335975 41.5391128858308)"
"6-8-05","589","282","307","28","57","43","46","71","83","106","94","34","27","319","41,5391122196276","2,43058231731333","POINT (2.43058231731333 41.5391122196276)"
"5-7-03","214","103","111","13","12","12","20","25","30","41","35","12","14","124","41,5392698804774","2,42160327561876","POINT (2.42160327561876 41.5392698804774)"
"3-14-06","47","22","25","0","2","3","1","5","4","11","12","3","6","34","41,5546678251888","2,44343048369936","POINT (2.44343048369936 41.5546678251888)"
"5-8-05","293","135","158","26","34","23","28","45","58","28","32","13","6","99","41,538540798161","2,42138925386418","POINT (2.42138925386418 41.538540798161)"
"6-8-03","56","29","27","2","5","5","3","6","7","10","8","6","4","25","41,5386772120503","2,42976894917823","POINT (2.42976894917823 41.5386772120503)"
"6-5-05","151","70","81","5","9","8","7","11","21","29","28","17","16","87","41,5388324902256","2,43279257144147","POINT (2.43279257144147 41.5388324902256)"
"2-2-05","30","17","13","4","2","2","1","4","3","4","3","3","4","20","41,5390379061272","2,45424940088783","POINT (2.45424940088783 41.5390379061272)"
"6-7-06","176","93","83","10","12","11","8","22","20","32","26","18","17","86","41,5388386353307","2,43370296248211","POINT (2.43370296248211 41.5388386353307)"
"2-1-07","427","226","201","38","30","30","33","56","57","68","63","34","18","197","41,538709209876","2,45197635252877","POINT (2.45197635252877 41.538709209876)"
"1-4-02","200","115","85","15","10","19","13","38","30","25","21","18","11","93","41,5386400619786","2,44346986052017","POINT (2.44346986052017 41.5386400619786)"
"6-4-07","135","69","66","11","16","3","6","24","19","18","15","13","10","66","41,5387631750172","2,43692369435972","POINT (2.43692369435972 41.5387631750172)"
"3-6-06","71","36","35","10","9","4","3","14","16","3","6","5","1","31","41,5542623038831","2,44487141360471","POINT (2.44487141360471 41.5542623038831)"
"3-13-16","413","212","201","46","41","30","33","84","76","41","41","11","10","257","41,5542227820001","2,44160927167383","POINT (2.44160927167383 41.5542227820001)"
"3-6-18","87","44","43","9","9","6","4","14","14","14","13","1","3","51","41,5544893517263","2,44695132176779","POINT (2.44695132176779 41.5544893517263)"
"3-6-10","38","20","18","1","1","5","3","3","3","11","11","0","0","39","41,554380856882","2,44580389385344","POINT (2.44580389385344 41.554380856882)"
"6-6-04","544","277","267","40","42","36","37","78","92","65","61","58","35","203","41,5397689491702","2,43494939074634","POINT (2.43494939074634 41.5397689491702)"
"5-19-02","485","255","230","45","46","35","30","74","71","63","54","38","29","162","41,5397946190489","2,42546799126127","POINT (2.42546799126127 41.5397946190489)"
"6-13-06","253","129","124","7","24","12","16","32","38","37","26","41","20","78","41,5400021894086","2,43327566721249","POINT (2.43327566721249 41.5400021894086)"
"2-10-11","136","73","63","15","12","14","13","17","16","20","17","7","5","55","41,540132349713","2,45074632697949","POINT (2.45074632697949 41.540132349713)"
"5-7-02","363","186","177","34","35","16","20","56","64","33","32","47","26","133","41,5397949416037","2,42265182176988","POINT (2.42265182176988 41.5397949416037)"
"6-6-05","386","208","178","24","33","26","19","71","62","37","35","50","29","142","41,5401551994609","2,43420815002269","POINT (2.43420815002269 41.5401551994609)"
"2-1-10","75","35","40","1","3","7","8","8","14","14","12","5","3","46","41,5400441510045","2,45216230592792","POINT (2.45216230592792 41.5400441510045)"
"5-19-03","129","71","58","9","2","15","8","11","14","30","27","6","7","61","41,540208324121","2,42426033636585","POINT (2.42426033636585 41.540208324121)"
"6-13-07","248","124","124","14","23","16","18","32","33","29","27","33","23","97","41,5401520278629","2,43287031772889","POINT (2.43287031772889 41.5401520278629)"
"6-6-03","338","181","157","26","24","23","27","44","36","54","47","34","23","170","41,54003598193","2,4361994349116","POINT (2.4361994349116 41.54003598193)"
"1-7-09","133","62","71","6","15","9","6","13","21","18","20","16","9","78","41,5391585797567","2,43804556338618","POINT (2.43804556338618 41.5391585797567)"
"5-17-03","414","204","210","44","39","22","32","65","70","44","48","29","21","148","41,5389516639352","2,42428767586338","POINT (2.42428767586338 41.5389516639352)"
"6-6-01","193","103","90","19","20","13","8","36","33","19","20","16","9","85","41,5394459033109","2,43652415006036","POINT (2.43652415006036 41.5394459033109)"
"1-7-03","235","125","110","23","17","19","21","35","35","30","23","18","14","106","41,5391073634643","2,4404009659694","POINT (2.4404009659694 41.5391073634643)"
"6-8-06","345","182","163","27","37","22","28","53","44","62","46","18","8","171","41,5394762276166","2,43101616430006","POINT (2.43101616430006 41.5394762276166)"
"2-10-03","85","51","34","11","4","3","4","17","16","18","9","2","1","40","41,5397090035648","2,44740526000954","POINT (2.44740526000954 41.5397090035648)"
"6-13-04","79","41","38","1","5","9","6","5","9","18","10","8","8","35","41,5396165809036","2,43224786095203","POINT (2.43224786095203 41.5396165809036)"
"6-13-05","109","56","53","1","4","12","11","6","11","27","23","10","4","66","41,5396034167705","2,43270401215439","POINT (2.43270401215439 41.5396034167705)"
"1-4-01","188","119","69","13","10","10","9","25","21","19","13","52","16","60","41,539210528861","2,44415844737201","POINT (2.44415844737201 41.539210528861)"
"1-4-05","163","80","83","14","23","8","15","24","23","26","14","8","8","71","41,5394794383649","2,44217470605719","POINT (2.44217470605719 41.5394794383649)"
"2-2-02","399","210","189","19","26","27","30","53","54","72","61","39","18","193","41,5397080450278","2,45367260027849","POINT (2.45367260027849 41.5397080450278)"
"5-17-01","545","240","305","59","63","35","41","69","125","43","55","34","21","100","41,539371688063","2,42346907710593","POINT (2.42346907710593 41.539371688063)"
"6-5-07","167","80","87","11","9","12","17","14","19","29","34","14","8","81","41,539683326757","2,43357648338906","POINT (2.43357648338906 41.539683326757)"
"2-1-04","410","214","196","39","46","34","29","59","58","58","46","24","17","166","41,5394561077527","2,45141736718915","POINT (2.45141736718915 41.5394561077527)"
"6-8-07","273","143","130","18","22","15","12","39","36","47","45","24","15","140","41,539719619653","2,43132043021706","POINT (2.43132043021706 41.539719619653)"
"1-7-01","137","74","63","21","22","9","4","25","18","7","14","12","5","50","41,5393205523327","2,44111661486047","POINT (2.44111661486047 41.5393205523327)"
"5-19-01","341","165","176","25","34","27","26","53","69","36","34","24","13","79","41,5394899242774","2,42498633928827","POINT (2.42498633928827 41.5394899242774)"
"1-7-06","134","74","60","7","15","12","3","21","14","20","19","14","9","76","41,5395623395585","2,43878042650991","POINT (2.43878042650991 41.5395623395585)"
"1-3-03","181","94","87","14","18","14","15","36","38","18","11","12","5","65","41,5396480250198","2,4458287428377","POINT (2.4458287428377 41.5396480250198)"
"5-19-04","22","10","12","1","5","1","1","4","3","2","1","2","2","10","41,5399312940067","2,42437058385761","POINT (2.42437058385761 41.5399312940067)"
"2-10-02","50","24","26","5","7","4","2","9","13","5","3","1","1","10","41,5399842173974","2,44701144069601","POINT (2.44701144069601 41.5399842173974)"
"5-10-10","50","17","33","2","5","1","1","6","11","7","14","1","2","7","41,5388978765823","2,42846743470193","POINT (2.42846743470193 41.5388978765823)"
"2-10-08","103","54","49","14","10","6","7","15","11","9","11","10","10","53","41,5397175610543","2,4495695957566","POINT (2.4495695957566 41.5397175610543)"
"5-7-04","166","80","86","17","21","13","11","32","38","12","14","6","2","55","41,5398233943454","2,4218206708217","POINT (2.4218206708217 41.5398233943454)"
"2-10-05","83","43","40","4","7","8","4","19","16","8","8","4","5","43","41,5402391907997","2,44744892813149","POINT (2.44744892813149 41.5402391907997)"
"1-7-02","99","58","41","6","8","8","4","16","13","19","12","9","4","42","41,5402559284425","2,44010501363953","POINT (2.44010501363953 41.5402559284425)"
"2-10-01","33","17","16","4","3","2","1","4","8","4","3","3","1","16","41,5404644146126","2,44674047863302","POINT (2.44674047863302 41.5404644146126)"
"2-1-08","193","97","96","21","26","9","8","33","32","25","21","9","9","74","41,5401521569954","2,45258395428887","POINT (2.45258395428887 41.5401521569954)"
"2-10-06","139","72","67","13","19","7","8","36","20","6","12","10","8","49","41,5402063301825","2,44811521372743","POINT (2.44811521372743 41.5402063301825)"
"5-20-05","88","43","45","7","4","5","12","11","15","8","10","12","4","22","41,5405079994671","2,42575976442086","POINT (2.42575976442086 41.5405079994671)"
"2-11-12","53","26","27","3","7","2","2","7","7","8","6","6","5","20","41,540859424174","2,45182870254949","POINT (2.45182870254949 41.540859424174)"
"2-10-10","230","108","122","21","31","11","12","44","54","18","16","14","9","83","41,540761860825","2,4499775230369","POINT (2.4499775230369 41.540761860825)"
"5-16-06","135","57","78","11","14","10","14","15","25","10","20","11","5","47","41,5408376198113","2,42378470391862","POINT (2.42378470391862 41.5408376198113)"
"5-1-07","103","59","44","7","3","6","5","6","8","14","12","26","16","51","41,5409039974398","2,4322568393071","POINT (2.4322568393071 41.5409039974398)"
"5-15-04","68","36","32","10","9","4","4","10","11","9","6","3","2","20","41,5408834109882","2,42559312410514","POINT (2.42559312410514 41.5408834109882)"
"1-6-01","59","32","27","3","4","5","4","9","8","6","7","9","4","25","41,540989597855","2,44044317726773","POINT (2.44044317726773 41.540989597855)"
"2-2-04","430","250","180","34","23","29","20","66","61","56","49","65","27","171","41,5409336687419","2,45531704362278","POINT (2.45531704362278 41.5409336687419)"
"5-16-08","101","49","52","7","11","6","5","19","23","11","9","6","4","40","41,5411016923102","2,42319703823906","POINT (2.42319703823906 41.5411016923102)"
"5-16-02","51","24","27","4","1","0","6","7","14","8","5","5","1","24","41,5411618498626","2,42504937493781","POINT (2.42504937493781 41.5411618498626)"
"5-1-04","248","125","123","34","28","14","14","44","49","21","23","12","9","83","41,5411117703537","2,42904633710795","POINT (2.42904633710795 41.5411117703537)"
"5-7-05","413","180","233","39","49","28","27","54","92","38","46","21","19","114","41,5403266789616","2,42244121062387","POINT (2.42244121062387 41.5403266789616)"
"2-10-07","34","17","17","6","3","2","5","6","6","3","2","0","1","14","41,5405857493373","2,44842740989914","POINT (2.44842740989914 41.5405857493373)"
"5-1-06","222","110","112","20","17","10","20","34","40","32","26","14","9","95","41,5405305007374","2,42887747480667","POINT (2.42887747480667 41.5405305007374)"
"5-1-13","257","135","122","24","23","19","16","36","37","40","33","16","13","123","41,5407067533132","2,43435900310935","POINT (2.43435900310935 41.5407067533132)"
"5-7-06","333","164","169","24","36","16","22","48","45","51","46","25","20","126","41,5404592800745","2,42170063834427","POINT (2.42170063834427 41.5404592800745)"
"2-2-01","207","83","124","10","13","16","28","20","36","28","38","9","9","68","41,5404012129589","2,45335352967102","POINT (2.45335352967102 41.5404012129589)"
"1-3-06","190","101","89","10","14","10","7","43","39","19","18","19","11","84","41,5404919833476","2,4453210064796","POINT (2.4453210064796 41.5404919833476)"
"5-1-05","237","107","130","18","23","12","23","39","46","22","25","16","13","64","41,5405662390572","2,4282867192744","POINT (2.4282867192744 41.5405662390572)"
"5-20-04","607","304","303","48","66","42","37","91","101","83","69","40","30","165","41,5405657972945","2,42652560866553","POINT (2.42652560866553 41.5405657972945)"
"1-4-06","268","131","137","29","27","16","25","42","52","25","25","19","8","129","41,5403380385969","2,44171095017924","POINT (2.44171095017924 41.5403380385969)"
"5-20-03","246","127","119","28","22","13","17","39","41","25","25","22","14","88","41,5406199035951","2,42746416870377","POINT (2.42746416870377 41.5406199035951)"
"1-4-07","104","53","51","9","12","7","8","15","12","14","12","8","7","54","41,5401744650566","2,44299387075845","POINT (2.44299387075845 41.5401744650566)"
"5-1-08","110","62","48","7","4","9","6","10","11","23","19","13","8","55","41,5407528340096","2,43499889197968","POINT (2.43499889197968 41.5407528340096)"
"2-10-09","238","114","124","17","23","19","26","43","35","28","35","7","5","84","41,5404986055971","2,44917699656487","POINT (2.44917699656487 41.5404986055971)"
"1-4-08","203","109","94","15","19","14","11","32","26","28","30","20","8","100","41,5403648896345","2,44371108819726","POINT (2.44371108819726 41.5403648896345)"
"1-6-05","162","88","74","20","13","16","6","29","40","15","10","8","5","85","41,5408872316545","2,4378525863237","POINT (2.4378525863237 41.5408872316545)"
"5-16-07","100","55","45","6","5","3","3","7","6","25","17","14","14","41","41,5408445758405","2,42304446474714","POINT (2.42304446474714 41.5408445758405)"
"5-16-01","213","118","95","15","12","9","15","24","25","28","19","42","24","73","41,5407364397542","2,42473130675499","POINT (2.42473130675499 41.5407364397542)"
"1-6-03","359","189","170","35","30","20","18","63","63","44","36","27","23","150","41,5409248542929","2,43920130091984","POINT (2.43920130091984 41.5409248542929)"
"1-7-10","261","139","122","31","29","16","11","49","39","21","25","22","18","130","41,5400181329126","2,4372679952823","POINT (2.4372679952823 41.5400181329126)"
"1-7-07","182","92","90","7","13","14","20","21","17","31","27","19","13","95","41,5402199790891","2,43816205175047","POINT (2.43816205175047 41.5402199790891)"
"6-8-08","261","136","125","33","38","14","12","55","49","24","25","10","1","120","41,540138326525","2,43196415157502","POINT (2.43196415157502 41.540138326525)"
"1-7-04","197","103","94","18","17","12","14","32","30","33","25","8","8","93","41,540068554447","2,4393584884817","POINT (2.4393584884817 41.540068554447)"
"5-17-02","390","201","189","41","44","28","20","69","75","42","33","21","17","113","41,5398946778083","2,42382729314787","POINT (2.42382729314787 41.5398946778083)"
"5-6-01","377","197","180","29","27","24","30","57","52","63","57","24","14","154","41,5415233101622","2,42115898398258","POINT (2.42115898398258 41.5415233101622)"
"5-1-01","444","228","216","65","44","21","33","92","92","29","34","21","13","123","41,5418169877492","2,42852398341441","POINT (2.42852398341441 41.5418169877492)"
"5-16-05","325","155","170","27","28","17","19","49","79","43","27","19","17","105","41,5417150156597","2,42340585734115","POINT (2.42340585734115 41.5417150156597)"
"2-9-10","254","126","128","20","29","12","14","64","59","22","19","8","7","121","41,5417360985277","2,44970331151433","POINT (2.44970331151433 41.5417360985277)"
"5-20-02","290","136","154","37","46","18","22","51","54","16","27","14","5","54","41,541931406447","2,42790669161207","POINT (2.42790669161207 41.541931406447)"
"2-11-09","46","14","32","8","21","3","10","1","0","2","1","0","0","6","41,5420656961323","2,45261775240987","POINT (2.45261775240987 41.5420656961323)"
"1-5-02","57","32","25","6","2","3","4","9","5","6","9","8","5","30","41,5418840641924","2,44300178547136","POINT (2.44300178547136 41.5418840641924)"
"5-16-04","227","118","109","20","12","15","14","31","37","26","27","26","19","96","41,5416876454887","2,42482675311436","POINT (2.42482675311436 41.5416876454887)"
"1-9-02","233","124","109","18","19","15","14","41","37","32","25","18","14","112","41,5419855673817","2,43896176609654","POINT (2.43896176609654 41.5419855673817)"
"2-10-12","219","111","108","14","13","23","15","48","52","16","23","10","5","78","41,5409701055466","2,45057186718773","POINT (2.45057186718773 41.5409701055466)"
"5-6-02","412","207","205","43","38","17","20","53","71","62","48","32","28","159","41,5411401718134","2,42217754225322","POINT (2.42217754225322 41.5411401718134)"
"1-6-07","400","206","194","22","25","30","22","44","62","72","55","38","30","257","41,5409355405086","2,43683129262011","POINT (2.43683129262011 41.5409355405086)"
"5-15-05","231","111","120","25","27","10","14","30","33","25","31","21","15","83","41,5410926306279","2,42621493677839","POINT (2.42621493677839 41.5410926306279)"
"5-1-03","302","164","138","35","33","24","15","56","54","30","25","19","11","118","41,5411699702612","2,42840097069089","POINT (2.42840097069089 41.5411699702612)"
"5-1-12","365","195","170","49","42","19","16","64","62","44","34","19","16","167","41,5412063508989","2,4345344594471","POINT (2.4345344594471 41.5412063508989)"
"2-11-11","337","166","171","34","42","17","19","56","60","25","32","34","18","137","41,5411962834364","2,45300980151138","POINT (2.45300980151138 41.5411962834364)"
"1-5-04","206","106","100","17","19","17","17","31","28","30","30","11","6","97","41,5411778577351","2,44170104467768","POINT (2.44170104467768 41.5411778577351)"
"1-3-07","174","90","84","9","11","15","16","27","23","20","23","19","11","85","41,5412031489024","2,44530709235038","POINT (2.44530709235038 41.5412031489024)"
"1-5-01","100","66","34","13","5","6","3","17","14","8","5","22","7","36","41,5413442520476","2,44342517418366","POINT (2.44342517418366 41.5413442520476)"
"2-9-01","181","97","84","19","12","11","17","29","23","29","22","9","10","88","41,5411559999047","2,44721901010284","POINT (2.44721901010284 41.5411559999047)"
"1-6-04","213","123","90","17","13","19","13","27","28","33","20","27","16","102","41,5414659082159","2,43912936687102","POINT (2.43912936687102 41.5414659082159)"
"2-3-16","223","109","114","30","37","1","1","58","56","15","13","5","7","115","41,5414698112962","2,45401272160943","POINT (2.45401272160943 41.5414698112962)"
"1-3-08","42","19","23","1","6","1","4","4","3","7","8","6","2","19","41,5417070585599","2,44532172349072","POINT (2.44532172349072 41.5417070585599)"
"2-11-03","246","135","111","26","19","16","11","45","38","22","27","26","16","139","41,5414817468393","2,45144280690097","POINT (2.45144280690097 41.5414817468393)"
"4-6-01","232","123","109","19","16","11","15","25","34","42","30","26","14","114","41,5414810329221","2,43588064372235","POINT (2.43588064372235 41.5414810329221)"
"1-6-02","183","91","92","16","18","12","10","30","38","21","15","12","11","92","41,5416200342299","2,44051921337206","POINT (2.44051921337206 41.5416200342299)"
"5-16-03","97","56","41","3","4","9","7","17","8","15","10","12","12","29","41,5415368931146","2,42521104611411","POINT (2.42521104611411 41.5415368931146)"
"1-3-09","35","17","18","1","2","1","3","2","3","6","7","7","3","16","41,5416486364625","2,44435610889695","POINT (2.44435610889695 41.5416486364625)"
"1-6-06","245","125","120","12","23","19","14","42","44","32","30","20","9","107","41,5415456184114","2,43774488653248","POINT (2.43774488653248 41.5415456184114)"
"1-5-05","104","58","46","9","7","9","5","13","17","17","13","10","4","41","41,5417294440389","2,44179842408239","POINT (2.44179842408239 41.5417294440389)"
"5-15-03","221","115","106","23","18","15","14","29","39","30","28","18","7","84","41,5416252649432","2,42588303431167","POINT (2.42588303431167 41.5416252649432)"
"2-3-01","293","150","143","21","31","27","15","52","56","44","29","6","12","140","41,5417401133504","2,45513792965847","POINT (2.45513792965847 41.5417401133504)"
"2-9-05","71","42","29","9","5","2","0","14","12","10","11","7","1","27","41,5420855430575","2,44824190788135","POINT (2.44824190788135 41.5420855430575)"
"2-11-02","175","88","87","12","17","8","8","34","39","17","16","17","7","83","41,5421017579426","2,45062516789333","POINT (2.45062516789333 41.5421017579426)"
"5-15-02","343","161","182","25","34","18","35","48","53","48","45","22","15","129","41,5420565557743","2,4263791120383","POINT (2.4263791120383 41.5420565557743)"
"1-9-01","156","87","69","22","18","7","11","25","17","21","13","12","10","79","41,542251789436","2,44035434475642","POINT (2.44035434475642 41.542251789436)"
"1-9-03","145","82","63","17","13","11","7","20","15","21","20","13","8","73","41,5428232649575","2,44018035095568","POINT (2.44018035095568 41.5428232649575)"
"2-9-03","145","75","70","7","12","10","12","24","20","21","20","13","6","43","41,5427793811205","2,44741640223972","POINT (2.44741640223972 41.5427793811205)"
"5-5-03","274","144","130","17","24","23","26","52","40","37","34","15","6","124","41,5427645212096","2,42281045323272","POINT (2.42281045323272 41.5427645212096)"
"1-9-05","414","218","196","22","29","29","30","56","57","68","58","43","22","218","41,5426127019759","2,43897242984299","POINT (2.43897242984299 41.5426127019759)"
"2-11-08","373","184","189","42","32","19","26","70","82","39","35","14","14","148","41,5427223372865","2,45231128997017","POINT (2.45231128997017 41.5427223372865)"
"4-6-04","258","131","127","33","38","8","10","51","55","25","16","14","8","130","41,5429870737974","2,43393849630062","POINT (2.43393849630062 41.5429870737974)"
"5-3-03","134","59","75","9","8","5","17","26","31","12","13","7","6","56","41,5430505831361","2,42636801705664","POINT (2.42636801705664 41.5430505831361)"
"1-5-09","148","79","69","9","10","12","6","26","27","23","17","9","9","67","41,5430537569105","2,44124986013965","POINT (2.44124986013965 41.5430537569105)"
"2-9-08","251","136","115","24","22","14","16","46","39","36","31","16","7","122","41,5429633612686","2,44830827011664","POINT (2.44830827011664 41.5429633612686)"
"5-4-04","74","39","35","2","4","8","8","10","8","12","9","7","6","40","41,5431531637078","2,42433317801981","POINT (2.42433317801981 41.5431531637078)"
"2-9-04","44","21","23","5","2","3","3","5","12","5","5","3","1","25","41,5424538297375","2,44769944598189","POINT (2.44769944598189 41.5424538297375)"
"5-5-02","226","119","107","27","27","16","17","43","39","22","16","11","8","86","41,5423161785566","2,42320673416195","POINT (2.42320673416195 41.5423161785566)"
"2-9-07","218","119","99","18","15","7","6","37","35","37","34","20","9","91","41,5423978320893","2,44924229752437","POINT (2.44924229752437 41.5423978320893)"
"5-2-01","333","158","175","39","36","28","29","41","65","35","27","15","18","93","41,542418698261","2,42820523833546","POINT (2.42820523833546 41.542418698261)"
"2-12-01","65","34","31","4","8","5","4","11","9","4","5","10","5","33","41,5424395773646","2,44645691609121","POINT (2.44645691609121 41.5424395773646)"
"2-11-06","206","104","102","18","20","12","14","42","43","18","13","14","12","102","41,542372039145","2,45134916199264","POINT (2.45134916199264 41.542372039145)"
"1-5-07","109","60","49","13","10","8","5","16","20","14","9","9","5","53","41,5425841838099","2,4414246130749","POINT (2.4414246130749 41.5425841838099)"
"5-4-01","89","44","45","10","8","4","8","10","8","12","16","8","5","40","41,5423350806821","2,42463466628069","POINT (2.42463466628069 41.5423350806821)"
"5-3-01","392","183","209","55","56","29","41","54","69","32","34","13","9","83","41,5426248251973","2,4257115772699","POINT (2.4257115772699 41.5426248251973)"
"4-6-03","106","53","53","9","10","4","4","12","14","18","18","10","7","45","41,5426921475434","2,4343389972828","POINT (2.4343389972828 41.5426921475434)"
"1-3-10","146","73","73","13","20","7","4","24","24","15","15","14","10","49","41,5423095963094","2,4458436087158","POINT (2.4458436087158 41.5423095963094)"
"5-5-01","366","188","178","37","30","28","27","64","66","38","42","21","13","170","41,5423775122578","2,42185699556647","POINT (2.42185699556647 41.5423775122578)"
"5-6-03","786","370","416","70","84","57","55","110","155","99","96","34","26","278","41,5419107379263","2,4217856058358","POINT (2.4217856058358 41.5419107379263)"
"5-15-01","287","148","139","19","23","22","27","34","27","54","49","19","13","145","41,5425940677653","2,42693696122413","POINT (2.42693696122413 41.5425940677653)"
"1-5-03","157","77","80","11","12","11","15","23","28","19","18","13","7","84","41,5426223210006","2,44263178928849","POINT (2.44263178928849 41.5426223210006)"
"5-4-03","83","41","42","6","6","5","11","12","14","13","8","5","3","52","41,5427152722582","2,42401331042691","POINT (2.42401331042691 41.5427152722582)"
"5-1-09","204","87","117","10","19","7","22","28","24","33","40","9","12","108","41,5427561941662","2,4328995774041","POINT (2.4328995774041 41.5427561941662)"
"5-20-01","609","278","331","57","64","45","57","84","115","54","67","38","28","181","41,5415038015685","2,42735893292591","POINT (2.42735893292591 41.5415038015685)"
"1-5-06","100","53","47","11","6","8","9","13","11","10","14","11","7","45","41,5421526258563","2,44159687032883","POINT (2.44159687032883 41.5421526258563)"
"2-9-02","164","93","71","15","15","15","13","25","21","19","13","19","9","73","41,5420087802434","2,44712967956477","POINT (2.44712967956477 41.5420087802434)"
"2-12-02","281","141","140","17","25","23","26","36","39","43","37","22","13","133","41,5433497340932","2,44700750094459","POINT (2.44700750094459 41.5433497340932)"
"5-2-07","33","13","20","4","4","2","2","4","12","3","2","0","0","9","41,5440201872605","2,42724485892402","POINT (2.42724485892402 41.5440201872605)"
"2-8-04","187","97","90","18","11","11","13","24","28","28","28","16","10","101","41,5436992976132","2,44628244410702","POINT (2.44628244410702 41.5436992976132)"
"1-5-11","286","150","136","17","17","29","20","32","37","46","48","26","14","135","41,5437608428844","2,44097680955636","POINT (2.44097680955636 41.5437608428844)"
"4-6-08","314","157","157","44","49","16","12","81","83","12","12","4","1","144","41,5439531230744","2,43388274768161","POINT (2.43388274768161 41.5439531230744)"
"2-3-08","193","86","107","22","18","10","20","29","33","19","28","6","8","51","41,5441764736565","2,45448185384362","POINT (2.45448185384362 41.5441764736565)"
"1-5-10","250","143","107","26","17","12","14","37","30","37","31","31","15","132","41,5439583820763","2,44193597500045","POINT (2.44193597500045 41.5439583820763)"
"5-3-07","189","88","101","17","19","7","17","25","33","23","22","16","10","50","41,5441834070015","2,42506052260586","POINT (2.42506052260586 41.5441834070015)"
"5-4-08","383","187","196","27","25","29","33","45","58","74","67","12","13","222","41,5439293932332","2,42368744959939","POINT (2.42368744959939 41.5439293932332)"
"5-4-02","82","39","43","6","7","5","7","11","9","11","12","6","8","26","41,5430246490959","2,42489492861642","POINT (2.42489492861642 41.5430246490959)"
"5-2-05","277","148","129","26","26","18","17","48","43","36","31","20","12","119","41,5431007108335","2,42724224062005","POINT (2.42724224062005 41.5431007108335)"
"5-3-02","203","104","99","22","21","12","9","29","33","21","25","20","11","75","41,5431035244867","2,42568204775156","POINT (2.42568204775156 41.5431035244867)"
"5-2-02","369","186","183","36","43","20","18","52","61","48","52","30","9","163","41,5429330223271","2,42894981187154","POINT (2.42894981187154 41.5429330223271)"
"2-9-09","143","78","65","13","11","7","11","23","15","22","19","13","9","71","41,5431659306102","2,44902520107419","POINT (2.44902520107419 41.5431659306102)"
"1-5-08","128","66","62","11","13","13","13","17","17","16","14","9","5","69","41,5433068822249","2,44225340620915","POINT (2.44225340620915 41.5433068822249)"
"5-4-06","140","66","74","6","17","13","10","19","24","18","18","10","5","59","41,5432909344887","2,42284935614298","POINT (2.42284935614298 41.5432909344887)"
"5-1-10","172","92","80","21","22","15","8","40","40","12","10","4","0","67","41,5433162414832","2,43236116994607","POINT (2.43236116994607 41.5433162414832)"
"2-8-02","149","80","69","13","12","12","8","24","21","20","15","11","13","76","41,5431213292443","2,44549591416768","POINT (2.44549591416768 41.5431213292443)"
"2-3-12","353","173","180","44","49","19","20","64","65","34","32","12","14","184","41,5434106118473","2,45472949484148","POINT (2.45472949484148 41.5434106118473)"
"5-5-04","160","82","78","14","20","12","5","26","29","20","17","10","7","60","41,5430824772337","2,4220742960409","POINT (2.4220742960409 41.5430824772337)"
"5-2-03","201","98","103","12","16","15","13","28","42","22","19","21","13","101","41,5431684524342","2,42841797864174","POINT (2.42841797864174 41.5431684524342)"
"2-11-01","215","113","102","23","15","13","18","41","37","20","22","16","10","96","41,543413141227","2,44975460375861","POINT (2.44975460375861 41.543413141227)"
"4-6-06","136","65","71","16","23","9","3","32","35","5","9","3","1","65","41,5436479847691","2,43315980244653","POINT (2.43315980244653 41.5436479847691)"
"4-6-09","487","256","231","67","61","30","22","93","79","55","58","11","11","240","41,5434132652069","2,43470331502124","POINT (2.43470331502124 41.5434132652069)"
"1-9-04","281","151","130","12","10","20","18","25","38","53","35","41","29","150","41,5434087924503","2,44006316532521","POINT (2.44006316532521 41.5434087924503)"
"5-4-07","135","66","69","12","8","10","17","13","22","20","15","11","7","50","41,5436495897056","2,42308160516504","POINT (2.42308160516504 41.5436495897056)"
"5-4-05","81","40","41","8","5","1","5","10","12","15","14","6","5","35","41,5435272112639","2,42462002875002","POINT (2.42462002875002 41.5435272112639)"
"2-11-04","54","27","27","2","2","3","5","5","6","8","7","9","7","30","41,5436836143138","2,45062186297361","POINT (2.45062186297361 41.5436836143138)"
"5-3-04","138","73","65","13","12","10","6","27","25","14","15","9","7","57","41,5435796324729","2,42585097709747","POINT (2.42585097709747 41.5435796324729)"
"2-7-01","79","40","39","6","10","2","6","16","10","7","7","9","6","37","41,5437143834526","2,44789379241133","POINT (2.44789379241133 41.5437143834526)"
"5-3-05","84","42","42","11","7","4","4","15","16","8","9","4","6","36","41,5437399248889","2,42515311914043","POINT (2.42515311914043 41.5437399248889)"
"5-2-11","181","95","86","30","21","7","8","40","37","10","14","8","6","95","41,5436629667332","2,42808434567726","POINT (2.42808434567726 41.5436629667332)"
"2-7-04","35","20","15","4","3","2","2","6","6","3","2","5","2","11","41,5439137899061","2,44853913764706","POINT (2.44853913764706 41.5439137899061)"
"1-3-13","124","65","59","6","8","6","8","17","12","13","14","23","17","42","41,543489236579","2,44372876668643","POINT (2.44372876668643 41.543489236579)"
"5-4-09","124","62","62","9","4","17","21","15","17","18","19","3","1","68","41,5443384916369","2,42401673686421","POINT (2.42401673686421 41.5443384916369)"
"2-3-09","66","28","38","6","11","1","5","14","12","4","5","3","5","25","41,5446092990051","2,45437433187119","POINT (2.45437433187119 41.5446092990051)"
"5-3-08","116","66","50","16","12","6","2","25","18","12","15","7","3","54","41,5445283073467","2,42466167239222","POINT (2.42466167239222 41.5445283073467)"
"5-3-09","195","104","91","8","11","19","15","22","19","39","35","16","11","125","41,5445713483279","2,42609766304946","POINT (2.42609766304946 41.5445713483279)"
"2-7-06","95","58","37","14","6","2","4","22","11","9","9","11","7","39","41,5453473478791","2,44825472346239","POINT (2.44825472346239 41.5453473478791)"
"4-9-01","464","240","224","60","61","23","22","97","91","41","34","19","16","217","41,5452060684729","2,43688783313138","POINT (2.43688783313138 41.5452060684729)"
"2-12-03","939","511","428","84","80","60","39","139","143","133","119","95","47","415","41,5452959326888","2,44658280912814","POINT (2.44658280912814 41.5452959326888)"
"2-7-03","167","85","82","12","18","17","10","29","30","17","19","10","5","87","41,5451524092842","2,44758317689284","POINT (2.44758317689284 41.5451524092842)"
"2-4-02","157","75","82","18","25","11","9","23","28","13","16","10","4","33","41,5457734654559","2,45381148797696","POINT (2.45381148797696 41.5457734654559)"
"2-4-01","183","93","90","29","19","12","19","31","34","12","15","9","3","35","41,5457938079962","2,45327176368293","POINT (2.45327176368293 41.5457938079962)"
"4-5-23","180","93","87","22","24","7","6","33","28","21","20","10","9","94","41,5455511781265","2,43093111837401","POINT (2.43093111837401 41.5455511781265)"
"4-5-17","49","23","26","3","2","4","7","4","4","8","10","4","3","39","41,545510724682","2,42907549730282","POINT (2.42907549730282 41.545510724682)"
"2-7-08","141","73","68","11","9","9","11","20","26","16","16","17","6","63","41,5444611111252","2,45023608570904","POINT (2.45023608570904 41.5444611111252)"
"4-8-02","247","119","128","29","30","10","15","53","55","17","21","10","7","115","41,5445294012856","2,43468019116368","POINT (2.43468019116368 41.5445294012856)"
"5-3-10","180","97","83","21","16","14","12","28","26","26","26","8","3","94","41,5447654482924","2,42524008460326","POINT (2.42524008460326 41.5447654482924)"
"2-3-07","31","18","13","3","2","1","0","8","4","2","3","4","4","16","41,5449303412146","2,45436624426619","POINT (2.45436624426619 41.5449303412146)"
"4-6-07","177","81","96","22","37","9","8","34","31","14","18","2","2","81","41,5445036069637","2,43309938462001","POINT (2.43309938462001 41.5445036069637)"
"5-1-11","446","226","220","58","56","21","21","98","88","40","40","9","15","227","41,5442028550413","2,43186479346066","POINT (2.43186479346066 41.5442028550413)"
"4-5-18","31","16","15","1","1","3","3","2","2","9","9","1","0","20","41,5447062446263","2,42928158911713","POINT (2.42928158911713 41.5447062446263)"
"2-3-03","75","30","45","8","4","4","3","10","27","6","9","2","2","21","41,5449423854575","2,45380900574912","POINT (2.45380900574912 41.5449423854575)"
"2-3-06","49","21","28","2","3","4","9","7","7","8","7","0","2","10","41,5450324714505","2,454014582871","POINT (2.454014582871 41.5450324714505)"
"4-5-19","95","48","47","5","9","11","8","11","12","17","13","4","5","53","41,5446453466186","2,42984412068795","POINT (2.42984412068795 41.5446453466186)"
"5-4-12","30","14","16","1","2","1","3","5","3","6","7","1","1","22","41,5446513334512","2,42176105424599","POINT (2.42176105424599 41.5446513334512)"
"2-3-04","25","17","8","4","1","3","2","5","1","2","3","3","1","2","41,5452813330955","2,45378559099899","POINT (2.45378559099899 41.5452813330955)"
"2-3-05","56","27","29","6","11","3","4","8","6","5","4","5","4","14","41,5452424065088","2,4541775710416","POINT (2.4541775710416 41.5452424065088)"
"2-7-13","184","95","89","18","19","15","14","48","44","11","10","3","2","63","41,5448603765692","2,44881944383704","POINT (2.44881944383704 41.5448603765692)"
"5-21-01","362","178","184","29","33","23","25","50","51","61","60","15","15","220","41,5450654152158","2,42636621847905","POINT (2.42636621847905 41.5450654152158)"
"5-21-02","220","105","115","13","18","22","25","22","25","38","37","10","10","119","41,54528448523","2,42526196590097","POINT (2.42526196590097 41.54528448523)"
"2-7-11","239","129","110","39","22","7","9","50","47","25","22","8","10","132","41,545231476831","2,45251964355651","POINT (2.45251964355651 41.545231476831)"
"2-8-03","641","329","312","38","49","33","35","77","89","105","83","76","56","315","41,5446801898692","2,44586168173452","POINT (2.44586168173452 41.5446801898692)"
"5-3-06","317","153","164","21","36","27","25","49","50","38","37","18","16","181","41,5438280624259","2,4262606915512","POINT (2.4262606915512 41.5438280624259)"
"5-2-09","158","87","71","17","16","17","7","30","26","19","19","4","3","92","41,5441776470935","2,42678805974899","POINT (2.42678805974899 41.5441776470935)"
"2-7-07","125","68","57","8","13","10","8","27","19","15","12","8","5","54","41,5441570099678","2,44929180489271","POINT (2.44929180489271 41.5441570099678)"
"2-7-02","97","44","53","5","10","3","7","20","19","9","12","7","5","34","41,5442467884311","2,44760704529554","POINT (2.44760704529554 41.5442467884311)"
"4-4-16","68","34","34","6","12","5","2","16","13","5","7","2","0","35","41,5467029834426","2,43124481201491","POINT (2.43124481201491 41.5467029834426)"
"5-21-04","31","17","14","0","0","2","3","1","2","12","9","2","0","26","41,5458880719602","2,4266237653581","POINT (2.4266237653581 41.5458880719602)"
"4-3-09","40","17","23","1","4","3","4","4","7","3","3","6","5","17","41,5468498543627","2,4334673795151","POINT (2.4334673795151 41.5468498543627)"
"4-5-03","101","51","50","10","9","7","6","19","19","10","11","5","5","45","41,5464769002077","2,42863895388195","POINT (2.42863895388195 41.5464769002077)"
"4-3-02","170","86","84","10","11","11","7","18","27","29","28","18","11","100","41,5467133598671","2,43426432790439","POINT (2.43426432790439 41.5467133598671)"
"3-1-09","70","35","35","7","7","4","3","7","9","8","8","9","8","35","41,5468550746415","2,45009318668223","POINT (2.45009318668223 41.5468550746415)"
"4-5-02","146","73","73","17","8","4","12","27","22","15","23","10","8","83","41,5467994502378","2,42928694346399","POINT (2.42928694346399 41.5467994502378)"
"4-3-08","38","16","22","2","3","3","2","4","9","4","5","3","3","14","41,546993393331","2,4339648949609","POINT (2.4339648949609 41.546993393331)"
"3-10-02","50","25","25","5","3","3","3","5","7","6","6","6","6","23","41,5469771353939","2,44459806551201","POINT (2.44459806551201 41.5469771353939)"
"5-21-03","157","82","75","13","11","12","6","18","29","30","17","9","12","104","41,5456577427928","2,42452344719865","POINT (2.42452344719865 41.5456577427928)"
"3-1-03","31","16","15","1","3","4","3","1","2","5","5","5","2","21","41,5460413516295","2,44834105823377","POINT (2.44834105823377 41.5460413516295)"
"2-4-03","648","300","348","100","86","41","61","89","120","46","71","24","10","103","41,5461728642547","2,45345997469611","POINT (2.45345997469611 41.5461728642547)"
"5-4-11","25","16","9","3","1","3","1","2","4","2","2","6","1","16","41,545094866608","2,42321706180154","POINT (2.42321706180154 41.545094866608)"
"4-5-01","81","47","34","11","4","4","3","11","14","14","10","7","3","50","41,546043956691","2,42826231262359","POINT (2.42826231262359 41.546043956691)"
"4-5-16","368","192","176","37","27","26","27","55","60","50","44","24","18","198","41,545951798613","2,4295690337733","POINT (2.4295690337733 41.545951798613)"
"3-1-05","29","15","14","3","4","0","1","6","5","5","4","1","0","19","41,5462441253412","2,44949188023687","POINT (2.44949188023687 41.5462441253412)"
"4-4-14","247","120","127","37","40","2","16","58","51","22","17","1","3","149","41,5461511169162","2,4313948210987","POINT (2.4313948210987 41.5461511169162)"
"4-4-13","38","17","21","0","4","5","2","7","7","4","6","1","2","15","41,5462167348146","2,43248538823408","POINT (2.43248538823408 41.5462167348146)"
"3-11-02","279","129","150","24","39","18","14","43","69","34","20","10","8","109","41,5463429279105","2,44696887410212","POINT (2.44696887410212 41.5463429279105)"
"4-4-15","61","32","29","3","4","3","3","6","8","12","10","8","4","36","41,54642100347","2,43071076141516","POINT (2.43071076141516 41.54642100347)"
"2-4-04","435","192","243","47","60","32","39","53","89","44","46","16","9","61","41,5465714530304","2,45332624251811","POINT (2.45332624251811 41.5465714530304)"
"4-5-05","249","129","120","20","23","17","13","46","45","29","29","17","10","104","41,5462113807809","2,42767293770965","POINT (2.42767293770965 41.5462113807809)"
"3-1-06","21","11","10","2","2","0","0","3","3","3","2","3","3","13","41,5465762686365","2,44919274451235","POINT (2.44919274451235 41.5465762686365)"
"3-10-01","544","297","247","32","41","32","29","68","61","92","67","73","49","242","41,5459792223802","2,44364097608104","POINT (2.44364097608104 41.5459792223802)"
"4-1-06","202","108","94","14","18","12","9","43","38","20","18","19","11","81","41,547011362911","2,44055530639173","POINT (2.44055530639173 41.547011362911)"
"2-5-02","379","201","178","33","22","19","22","49","55","56","44","44","35","150","41,547177062917","2,4529939267656","POINT (2.4529939267656 41.547177062917)"
"3-1-07","35","18","17","3","4","2","1","5","6","4","2","4","4","13","41,5471370769098","2,44825587540309","POINT (2.44825587540309 41.5471370769098)"
"3-11-03","334","171","163","21","25","25","30","44","39","50","46","31","23","165","41,5470996180284","2,44699684696957","POINT (2.44699684696957 41.5470996180284)"
"4-5-14","48","25","23","6","5","5","2","7","11","5","3","2","2","23","41,5475476119327","2,42756315480059","POINT (2.42756315480059 41.5475476119327)"
"3-1-10","114","62","52","9","7","12","12","8","15","19","14","14","4","33","41,5477740694056","2,44829564634029","POINT (2.44829564634029 41.5477740694056)"
"3-11-06","115","63","52","12","10","9","6","17","19","12","11","13","6","27","41,5478301856036","2,44745134146019","POINT (2.44745134146019 41.5478301856036)"
"3-2-01","605","265","340","81","74","39","54","72","140","40","48","33","24","99","41,5476886585714","2,45057716316195","POINT (2.45057716316195 41.5476886585714)"
"3-11-05","154","82","72","12","10","16","12","21","21","21","17","12","12","40","41,5478500615884","2,4466936134906","POINT (2.4466936134906 41.5478500615884)"
"4-1-09","104","54","50","14","10","3","2","19","22","10","12","8","4","42","41,5477342681601","2,44073590505941","POINT (2.44073590505941 41.5477342681601)"
"3-11-04","92","49","43","4","7","5","5","14","13","8","10","18","8","38","41,5478819669415","2,44575289451146","POINT (2.44575289451146 41.5478819669415)"
"3-1-15","132","71","61","23","10","10","9","22","26","11","13","5","3","23","41,5479589054404","2,44985055211538","POINT (2.44985055211538 41.5479589054404)"
"4-4-12","243","126","117","27","36","14","10","50","44","26","24","9","3","144","41,5472936527628","2,43267228311711","POINT (2.43267228311711 41.5472936527628)"
"4-3-04","137","66","71","7","9","10","11","15","29","16","14","18","8","50","41,547644624053","2,43468124181254","POINT (2.43468124181254 41.547644624053)"
"2-5-03","138","82","56","6","6","15","6","12","12","29","21","20","11","65","41,5478541798566","2,45222371076605","POINT (2.45222371076605 41.5478541798566)"
"4-9-04","53","36","17","10","1","2","3","10","6","8","4","6","3","26","41,5468445674206","2,43653465478829","POINT (2.43653465478829 41.5468445674206)"
"4-5-09","46","20","26","5","8","2","3","9","6","4","8","0","1","24","41,5471797794744","2,42846806843655","POINT (2.42846806843655 41.5471797794744)"
"3-11-01","475","254","221","35","44","42","31","68","53","73","69","36","24","220","41,5465977944714","2,44585634215077","POINT (2.44585634215077 41.5465977944714)"
"4-3-07","155","72","83","14","7","9","12","24","32","19","22","6","10","82","41,5472166543936","2,43374883150006","POINT (2.43374883150006 41.5472166543936)"
"4-4-18","198","89","109","18","30","12","15","38","44","18","17","3","3","118","41,5471238758545","2,43107642971956","POINT (2.43107642971956 41.5471238758545)"
"3-10-04","24","13","11","0","0","0","1","2","0","7","6","4","4","24","41,5472049008599","2,44397620534615","POINT (2.44397620534615 41.5472049008599)"
"5-21-05","85","43","42","3","2","3","4","8","7","21","18","8","11","58","41,5468704272014","2,42566387291752","POINT (2.42566387291752 41.5468704272014)"
"4-1-11","36","21","15","4","3","0","1","3","5","6","2","8","4","15","41,5473456609719","2,43991751551942","POINT (2.43991751551942 41.5473456609719)"
"3-9-01","35","18","17","3","1","2","1","4","7","7","4","2","4","23","41,5473302339102","2,44232113265956","POINT (2.44232113265956 41.5473302339102)"
"2-5-04","221","117","104","14","17","14","8","28","30","40","30","21","19","97","41,5475603256009","2,45294993280837","POINT (2.45294993280837 41.5475603256009)"
"2-5-01","344","167","177","33","35","18","23","61","72","26","19","29","28","124","41,5473951687472","2,45185510657687","POINT (2.45185510657687 41.5473951687472)"
"4-1-07","134","71","63","8","15","8","7","24","22","15","10","16","9","68","41,5473840065612","2,44133608901143","POINT (2.44133608901143 41.5473840065612)"
"4-1-10","63","38","25","3","3","3","4","14","6","9","9","9","3","35","41,547513263947","2,4403005202999","POINT (2.4403005202999 41.547513263947)"
"3-1-12","217","99","118","17","18","18","23","28","50","26","22","10","5","28","41,5476010666345","2,44986446350935","POINT (2.44986446350935 41.5476010666345)"
"4-3-03","121","58","63","9","9","6","7","14","23","16","12","13","12","52","41,5473728399396","2,43492046422419","POINT (2.43492046422419 41.5473728399396)"
"4-4-19","225","118","107","29","20","13","9","47","53","24","22","5","3","128","41,547411805636","2,42992930085149","POINT (2.42992930085149 41.547411805636)"
"4-4-01","121","67","54","9","3","11","10","15","16","17","15","15","10","56","41,547540527153","2,4335283460484","POINT (2.4335283460484 41.547540527153)"
"4-9-05","156","71","85","10","12","8","16","26","24","16","25","11","8","65","41,5475237236613","2,43591595224019","POINT (2.43591595224019 41.5475237236613)"
"3-1-11","145","66","79","8","17","7","9","18","21","16","23","17","9","45","41,5476868411647","2,449138268213","POINT (2.449138268213 41.5476868411647)"
"3-10-05","42","23","19","1","2","4","2","1","4","12","6","5","5","26","41,5467752150973","2,44285041166172","POINT (2.44285041166172 41.5467752150973)"
"4-4-17","160","82","78","19","19","11","9","32","26","15","19","5","5","96","41,546781708632","2,4303235882963","POINT (2.4303235882963 41.546781708632)"
"3-1-08","58","31","27","4","4","2","0","5","11","8","4","12","8","26","41,5470406639371","2,44917508624342","POINT (2.44917508624342 41.5470406639371)"
"4-5-12","139","66","73","10","15","12","14","20","26","16","13","8","5","69","41,5469589725782","2,42734254089486","POINT (2.42734254089486 41.5469589725782)"
"3-1-02","27","15","12","0","0","2","3","1","0","5","4","7","5","16","41,5467610622035","2,44786315468317","POINT (2.44786315468317 41.5467610622035)"
"4-4-03","250","118","132","22","21","10","17","34","37","30","38","22","19","87","41,5482636418479","2,43323168008688","POINT (2.43323168008688 41.5482636418479)"
"4-3-05","79","44","35","11","4","3","4","12","11","8","7","10","9","36","41,5487147212648","2,43428279135764","POINT (2.43428279135764 41.5487147212648)"
"3-9-07","111","58","53","4","6","5","4","14","12","21","15","14","16","66","41,548284277358","2,44347886056125","POINT (2.44347886056125 41.548284277358)"
"3-11-10","50","21","29","2","4","2","5","4","8","7","8","6","4","29","41,5487545046542","2,44755972990937","POINT (2.44755972990937 41.5487545046542)"
"4-5-15","409","203","206","44","48","32","36","74","73","44","45","9","4","233","41,5482691814913","2,42679750250096","POINT (2.42679750250096 41.5482691814913)"
"4-7-03","267","132","135","24","24","15","21","37","38","34","28","22","24","129","41,5485603944314","2,42931290033104","POINT (2.42931290033104 41.5485603944314)"
"4-2-03","113","53","60","10","7","5","7","17","25","8","15","13","6","51","41,5488176700034","2,43563167663274","POINT (2.43563167663274 41.5488176700034)"
"3-1-14","54","29","25","3","4","4","3","9","8","8","5","5","5","18","41,5480289321803","2,44920346893749","POINT (2.44920346893749 41.5480289321803)"
"4-1-08","140","77","63","14","10","11","9","20","23","17","12","15","9","47","41,5479050267102","2,44111185987985","POINT (2.44111185987985 41.5479050267102)"
"3-1-13","29","14","15","1","2","1","1","3","5","4","3","5","4","13","41,5481078229563","2,44839579407065","POINT (2.44839579407065 41.5481078229563)"
"4-4-20","187","86","101","12","14","12","17","26","32","27","28","9","10","136","41,5477482659011","2,43096167541931","POINT (2.43096167541931 41.5477482659011)"
"3-11-08","86","42","44","10","9","3","4","12","16","9","9","8","6","31","41,548174862734","2,44752891947907","POINT (2.44752891947907 41.548174862734)"
"3-11-07","87","40","47","4","11","5","9","13","6","9","13","9","8","25","41,5481956350386","2,44673510403518","POINT (2.44673510403518 41.5481956350386)"
"3-9-04","35","17","18","3","3","1","0","3","7","5","6","5","2","19","41,5480664086895","2,44431983320292","POINT (2.44431983320292 41.5480664086895)"
"4-1-12","24","22","2","3","1","0","1","6","0","2","0","11","0","","41,5479935607104","2,43949596336377","POINT (2.43949596336377 41.5479935607104)"
"4-5-08","145","70","75","13","16","8","8","29","29","13","19","7","3","92","41,5476849437194","2,42828620126187","POINT (2.42828620126187 41.5476849437194)"
"3-9-05","52","26","26","4","5","3","1","9","10","3","5","7","5","22","41,5482626535752","2,44465452550175","POINT (2.44465452550175 41.5482626535752)"
"3-7-01","245","118","127","19","26","15","16","38","44","30","30","16","11","95","41,5483021581954","2,44188455933847","POINT (2.44188455933847 41.5483021581954)"
"3-2-03","536","256","280","69","81","34","35","79","102","42","48","32","14","87","41,5483162709512","2,4505580246365","POINT (2.4505580246365 41.5483162709512)"
"2-5-06","336","172","164","16","27","23","16","47","53","59","48","27","20","148","41,5482817442722","2,45279571473046","POINT (2.45279571473046 41.5482817442722)"
"4-3-06","196","85","111","15","22","11","17","23","37","19","23","17","12","76","41,5481713120243","2,4343804541484","POINT (2.4343804541484 41.5481713120243)"
"3-2-02","856","388","468","79","96","61","68","112","174","75","95","61","35","179","41,5481857299592","2,45139862902158","POINT (2.45139862902158 41.5481857299592)"
"4-1-13","194","108","86","23","13","13","12","32","30","27","24","13","7","103","41,5482899743088","2,44020619726033","POINT (2.44020619726033 41.5482899743088)"
"3-11-09","56","25","31","1","7","6","5","4","7","8","10","6","2","26","41,548487948519","2,44774356608221","POINT (2.44774356608221 41.548487948519)"
"4-7-02","216","106","110","20","30","19","13","38","35","17","23","12","9","151","41,5482318507583","2,42903285037151","POINT (2.42903285037151 41.5482318507583)"
"3-9-02","272","137","135","21","24","15","17","39","36","36","38","26","20","119","41,5482152363319","2,44261642920249","POINT (2.44261642920249 41.5482152363319)"
"4-7-01","56","31","25","5","4","7","2","5","11","10","7","4","1","44","41,5485152404537","2,42806931563531","POINT (2.42806931563531 41.5485152404537)"
"4-4-02","168","90","78","19","14","8","10","28","26","17","18","18","10","88","41,5482078505865","2,43380921526762","POINT (2.43380921526762 41.5482078505865)"
"4-1-14","195","93","102","14","21","8","16","27","30","25","20","19","15","98","41,548450339659","2,44066745836131","POINT (2.44066745836131 41.548450339659)"
"3-7-02","96","51","45","12","6","7","4","15","19","8","11","9","5","47","41,5486187310242","2,44146967201722","POINT (2.44146967201722 41.5486187310242)"
"3-3-01","443","203","240","31","45","30","43","54","80","55","56","33","16","108","41,5486298864174","2,45211552493283","POINT (2.45211552493283 41.5486298864174)"
"3-1-17","766","335","431","69","69","51","82","106","171","71","82","38","27","159","41,5485022912838","2,44943666252751","POINT (2.44943666252751 41.5485022912838)"
"3-7-03","169","90","79","16","20","12","7","29","24","16","17","17","11","83","41,5487488553495","2,44217510885307","POINT (2.44217510885307 41.5487488553495)"
"4-4-04","60","31","29","5","3","3","6","6","6","8","10","9","4","28","41,5489422218758","2,43384251312118","POINT (2.43384251312118 41.5489422218758)"
"3-3-02","374","174","200","43","50","29","29","50","79","34","33","18","9","69","41,5488875455966","2,45043190110472","POINT (2.45043190110472 41.5488875455966)"
"3-8-02","122","70","52","13","4","10","10","16","14","21","14","10","10","45","41,5490992130234","2,44181620116559","POINT (2.44181620116559 41.5490992130234)"
"4-2-01","42","22","20","1","3","2","1","6","9","9","2","4","5","22","41,5490265675485","2,43652883084733","POINT (2.43652883084733 41.5490265675485)"
"3-9-08","60","31","29","4","1","6","5","5","12","8","5","8","6","33","41,5489611413993","2,44407994645123","POINT (2.44407994645123 41.5489611413993)"
"4-1-15","79","43","36","10","8","0","3","15","14","9","7","9","4","38","41,5490355573311","2,4392212969623","POINT (2.4392212969623 41.5490355573311)"
"3-9-10","59","28","31","5","8","4","2","7","10","6","7","6","4","18","41,549704729765","2,44386952214626","POINT (2.44386952214626 41.549704729765)"
"3-4-02","294","153","141","45","22","20","24","44","57","29","29","15","9","79","41,5497819895549","2,45111478592513","POINT (2.45111478592513 41.5497819895549)"
"4-4-07","65","40","25","11","4","3","2","13","11","5","6","8","2","24","41,5497202137544","2,43266405400084","POINT (2.43266405400084 41.5497202137544)"
"3-7-07","58","34","24","10","5","4","3","11","7","6","4","3","5","30","41,5498646610526","2,44312470416903","POINT (2.44312470416903 41.5498646610526)"
"4-2-11","89","48","41","11","11","4","6","19","11","9","6","5","7","38","41,5498415542371","2,43512082934764","POINT (2.43512082934764 41.5498415542371)"
"3-8-04","240","123","117","15","19","12","18","34","31","39","36","23","13","100","41,5497625327738","2,44172906150648","POINT (2.44172906150648 41.5497625327738)"
"4-2-07","143","67","76","11","13","9","13","19","25","17","17","11","8","82","41,5497726652881","2,43364648322865","POINT (2.43364648322865 41.5497726652881)"
"3-8-03","239","113","126","11","16","12","21","32","34","35","32","23","23","123","41,5497473119991","2,44117674790618","POINT (2.44117674790618 41.5497473119991)"
"4-7-08","86","35","51","3","11","6","6","11","17","8","12","7","5","52","41,5489775812396","2,42703172278308","POINT (2.42703172278308 41.5489775812396)"
"4-4-21","193","95","98","21","28","13","15","33","32","20","19","8","4","98","41,5487953973945","2,43119060767249","POINT (2.43119060767249 41.5487953973945)"
"3-9-12","60","31","29","5","6","6","2","8","6","6","9","6","6","26","41,5490824230156","2,44452210724114","POINT (2.44452210724114 41.5490824230156)"
"4-2-02","66","34","32","1","8","1","5","15","9","10","7","7","3","33","41,5491892306675","2,43617036286676","POINT (2.43617036286676 41.5491892306675)"
"4-4-11","267","133","134","42","39","7","10","55","59","18","18","11","8","132","41,5487190763811","2,43246809335388","POINT (2.43246809335388 41.5487190763811)"
"4-4-05","101","54","47","10","10","5","5","17","19","15","12","7","1","50","41,5491291823333","2,43345967980898","POINT (2.43345967980898 41.5491291823333)"
"3-9-09","64","40","24","8","5","5","0","7","9","8","6","12","4","27","41,549101163933","2,44334726375404","POINT (2.44334726375404 41.549101163933)"
"3-3-04","347","174","173","35","35","21","23","55","63","46","37","17","15","106","41,5493410341296","2,45150087206049","POINT (2.45150087206049 41.5493410341296)"
"4-7-07","53","26","27","4","5","1","5","10","12","5","2","6","3","27","41,5490169597463","2,4275739556671","POINT (2.4275739556671 41.5490169597463)"
"4-7-06","193","102","91","14","20","16","8","32","28","25","25","15","10","111","41,5492769197056","2,42861911498558","POINT (2.42861911498558 41.5492769197056)"
"3-7-05","92","53","39","9","6","11","6","12","9","16","13","5","5","44","41,5494645822997","2,44301295827546","POINT (2.44301295827546 41.5494645822997)"
"4-2-06","122","59","63","7","6","6","10","15","17","12","15","19","15","54","41,5490503672913","2,43462538487965","POINT (2.43462538487965 41.5490503672913)"
"4-2-04","187","89","98","8","21","3","10","31","30","27","25","20","12","100","41,5493357945439","2,43549533645526","POINT (2.43549533645526 41.5493357945439)"
"4-4-06","137","65","72","15","11","4","12","25","22","13","19","8","8","69","41,5493645603327","2,43306693944407","POINT (2.43306693944407 41.5493645603327)"
"3-4-01","487","211","276","54","54","24","38","65","112","40","52","28","20","107","41,5494543683015","2,45016579414449","POINT (2.45016579414449 41.5494543683015)"
"4-2-05","111","60","51","11","8","7","8","18","13","12","14","12","8","50","41,5495361843585","2,43474261976252","POINT (2.43474261976252 41.5495361843585)"
"3-5-03","208","101","107","24","25","16","8","28","44","21","20","12","10","50","41,5494854718966","2,44865340370242","POINT (2.44865340370242 41.5494854718966)"
"3-5-02","508","242","266","47","64","34","36","78","90","63","54","20","22","133","41,5493640653419","2,44928101913746","POINT (2.44928101913746 41.5493640653419)"
"4-7-09","113","54","59","7","14","8","8","16","14","12","14","11","9","73","41,5495321108015","2,42726716339959","POINT (2.42726716339959 41.5495321108015)"
"4-7-04","112","59","53","13","6","7","6","17","19","8","13","14","9","49","41,5489193448307","2,42808905087499","POINT (2.42808905087499 41.5489193448307)"
"3-3-03","431","208","223","23","37","33","30","52","66","55","59","45","31","150","41,548971897525","2,45177237018139","POINT (2.45177237018139 41.548971897525)"
"3-8-01","153","81","72","15","14","12","11","22","24","22","18","10","5","59","41,5489944503914","2,44127111024683","POINT (2.44127111024683 41.5489944503914)"
"4-7-05","216","111","105","23","20","17","18","29","29","27","28","15","10","100","41,5488008324853","2,42969643213724","POINT (2.42969643213724 41.5488008324853)"
"3-7-04","164","83","81","18","11","10","16","25","30","18","17","12","7","71","41,5490624241515","2,4427345201505","POINT (2.4427345201505 41.5490624241515)"
"3-13-01","158","79","79","7","12","11","12","19","15","28","27","14","13","95","41,5508734531905","2,43869533082598","POINT (2.43869533082598 41.5508734531905)"
"3-4-07","267","136","131","28","25","18","14","35","47","34","32","21","13","106","41,5512541247291","2,44932545861766","POINT (2.44932545861766 41.5512541247291)"
"3-13-02","248","128","120","30","22","19","19","42","41","27","31","10","7","153","41,5512933087889","2,43782603528976","POINT (2.43782603528976 41.5512933087889)"
"3-5-07","203","105","98","24","23","9","13","38","37","18","17","16","8","69","41,5516569972593","2,44877636940082","POINT (2.44877636940082 41.5516569972593)"
"3-14-02","98","48","50","3","9","8","10","11","7","21","23","5","1","67","41,5516839075939","2,44430854163457","POINT (2.44430854163457 41.5516839075939)"
"3-9-18","408","191","217","24","28","24","45","41","44","81","82","21","18","246","41,5513423835223","2,44764098880506","POINT (2.44764098880506 41.5513423835223)"
"3-9-14","111","54","57","7","16","9","6","19","18","10","9","9","8","40","41,5501984261296","2,44439379133517","POINT (2.44439379133517 41.5501984261296)"
"4-4-10","147","80","67","21","20","5","4","38","28","10","8","6","7","74","41,5499171281997","2,43206085021809","POINT (2.43206085021809 41.5499171281997)"
"3-4-03","492","226","266","55","50","38","38","57","103","56","61","20","14","106","41,5501600431712","2,45053963104225","POINT (2.45053963104225 41.5501600431712)"
"3-7-08","62","31","31","4","4","4","6","9","8","7","5","7","8","27","41,5502695365276","2,44367693001233","POINT (2.44367693001233 41.5502695365276)"
"3-4-05","250","120","130","30","27","14","23","30","45","25","19","21","16","39","41,5502853815497","2,44953333951924","POINT (2.44953333951924 41.5502853815497)"
"3-7-10","76","35","41","0","6","2","8","12","15","8","8","13","4","29","41,5503303457596","2,44309316687561","POINT (2.44309316687561 41.5503303457596)"
"4-2-08","358","183","175","49","36","21","24","57","58","31","41","25","16","127","41,5501581563785","2,43409904919909","POINT (2.43409904919909 41.5501581563785)"
"3-7-11","219","112","107","22","22","13","11","36","37","24","29","17","8","112","41,5503754929166","2,44235279926521","POINT (2.44235279926521 41.5503754929166)"
"4-2-10","172","84","88","20","23","8","4","34","35","10","15","12","11","78","41,5501897882846","2,43285353176129","POINT (2.43285353176129 41.5501897882846)"
"3-9-17","612","302","310","46","49","37","51","77","85","108","92","34","33","315","41,5500264406743","2,44774165993957","POINT (2.44774165993957 41.5500264406743)"
"3-5-04","340","173","167","33","37","28","24","56","52","29","36","27","18","99","41,5502497464575","2,44840681891448","POINT (2.44840681891448 41.5502497464575)"
"3-8-06","181","94","87","22","15","16","12","32","36","16","16","8","8","86","41,5504464508514","2,44164019659154","POINT (2.44164019659154 41.5504464508514)"
"3-4-04","200","95","105","12","21","16","10","22","29","37","32","8","13","82","41,5505537825576","2,45017754625149","POINT (2.45017754625149 41.5505537825576)"
"3-5-05","423","205","218","51","44","27","40","69","76","37","39","21","19","126","41,5503973996003","2,44889020318454","POINT (2.44889020318454 41.5503973996003)"
"3-8-05","223","110","113","18","35","11","8","41","37","20","19","20","14","90","41,550527030801","2,44109193356836","POINT (2.44109193356836 41.550527030801)"
"3-4-06","437","212","225","49","49","20","35","69","80","46","43","28","18","138","41,5508435474969","2,44959508668607","POINT (2.44959508668607 41.5508435474969)"
"3-9-15","211","110","101","20","15","19","20","36","30","25","25","10","11","93","41,5508207329951","2,44468187410975","POINT (2.44468187410975 41.5508207329951)"
"3-7-09","184","93","91","20","19","16","17","28","28","18","19","11","8","78","41,5508332319143","2,44391718820237","POINT (2.44391718820237 41.5508332319143)"
"3-5-06","227","105","122","16","25","18","24","37","46","25","18","9","9","71","41,5510613460834","2,44846419980502","POINT (2.44846419980502 41.5510613460834)"
"3-14-03","373","182","191","24","38","29","33","50","39","67","60","12","21","230","41,5518369099219","2,44290082651732","POINT (2.44290082651732 41.5518369099219)"
"3-13-04","248","132","116","28","24","21","22","43","35","31","30","9","5","158","41,5519995821716","2,43638302748311","POINT (2.43638302748311 41.5519995821716)"
"3-13-05","133","66","67","25","23","5","4","31","32","5","7","0","1","50","41,5523501680989","2,43552809645699","POINT (2.43552809645699 41.5523501680989)"
"3-6-11","62","30","32","6","10","5","0","10","7","6","12","3","3","45","41,5525752915327","2,44740599496386","POINT (2.44740599496386 41.5525752915327)"
"3-13-08","62","35","27","4","4","4","4","12","6","13","11","2","2","35","41,5523818693756","2,43871202005495","POINT (2.43871202005495 41.5523818693756)"
"2-10-04","229","113","116","21","24","14","15","35","42","29","25","14","10","99","41,5392190047618","2,44812440385872","POINT (2.44812440385872 41.5392190047618)"
"2-8-01","567","298","269","51","47","22","27","93","87","72","77","60","31","229","41,5446450006505","2,44431770331754","POINT (2.44431770331754 41.5446450006505)"
"3-12-01","1423","701","722","105","110","68","101","183","181","210","209","135","121","1005","41,5684147744913","2,4445236833771","POINT (2.4445236833771 41.5684147744913)"
"2-5-07","824","412","412","65","73","57","65","112","118","97","107","81","49","490","41,5552018979418","2,46887436860423","POINT (2.46887436860423 41.5552018979418)"
"3-6-02","88","39","49","4","15","1","3","17","12","10","12","7","7","46","41,5525058481851","2,44546739155154","POINT (2.44546739155154 41.5525058481851)"
"3-13-10","331","164","167","36","33","18","29","63","57","39","36","8","12","191","41,5525341019829","2,44023857220765","POINT (2.44023857220765 41.5525341019829)"
"3-6-15","48","22","26","2","4","3","6","4","3","8","9","5","4","30","41,5529009587663","2,44792835612045","POINT (2.44792835612045 41.5529009587663)"
"3-6-03","178","98","80","13","13","17","16","23","21","35","24","10","6","120","41,5526492678562","2,44597144710803","POINT (2.44597144710803 41.5526492678562)"
"3-6-08","38","19","19","5","5","1","2","4","5","7","7","2","0","24","41,5528208572346","2,44649479549654","POINT (2.44649479549654 41.5528208572346)"
"3-6-12","75","40","35","6","1","9","6","9","10","11","14","5","4","54","41,5530118688029","2,44695288592578","POINT (2.44695288592578 41.5530118688029)"
"3-13-11","116","60","56","10","10","10","9","16","12","19","18","5","7","67","41,5529640981979","2,43962734990378","POINT (2.43962734990378 41.5529640981979)"
"6-1-01","36","18","18","0","0","1","1","3","3","10","9","4","5","19","41,5316280055032","2,44334999152899","POINT (2.44334999152899 41.5316280055032)"
"5-2-04","273","127","146","30","28","16","23","36","46","29","35","16","14","109","41,5437524272839","2,42752367626899","POINT (2.42752367626899 41.5437524272839)"
"4-6-02","33","16","17","2","2","1","4","2","2","3","4","8","5","9","41,5436558961044","2,43776169683393","POINT (2.43776169683393 41.5436558961044)"
"4-5-22","237","113","124","28","30","9","8","48","56","19","23","9","7","122","41,5450182434775","2,43101168618321","POINT (2.43101168618321 41.5450182434775)"
"4-5-29","51","28","23","9","4","2","4","10","11","4","4","3","0","26","41,5454377927457","2,43019097503732","POINT (2.43019097503732 41.5454377927457)"
"4-5-20","48","22","26","3","6","1","2","7","6","10","10","1","2","32","41,5450105773666","2,43028171533312","POINT (2.43028171533312 41.5450105773666)"
"3-9-11","67","31","36","4","7","6","6","7","6","12","12","2","5","34","41,5494427721745","2,44419989586002","POINT (2.44419989586002 41.5494427721745)"
"2-7-10","175","85","90","26","28","1","7","36","36","19","15","3","4","86","41,5453673203776","2,45108183231277","POINT (2.45108183231277 41.5453673203776)"
"3-13-07","218","103","115","25","20","6","18","36","39","28","30","8","8","140","41,5518233089466","2,43949961702286","POINT (2.43949961702286 41.5518233089466)"
"6-9-05","61","32","29","4","2","6","8","6","6","7","11","9","2","27","41,5318668232837","2,43842875441211","POINT (2.43842875441211 41.5318668232837)"
"1-2-07","144","71","73","7","17","12","7","21","29","16","14","15","6","53","41,5367344546162","2,44815147138832","POINT (2.44815147138832 41.5367344546162)"
"1-1-06","149","82","67","6","10","9","10","28","21","21","19","18","7","72","41,5364875335133","2,44262124653628","POINT (2.44262124653628 41.5364875335133)"
"1-2-06","200","100","100","24","30","11","8","35","37","22","20","8","5","84","41,5366953671886","2,44677789714499","POINT (2.44677789714499 41.5366953671886)"
"1-1-01","326","176","150","24","21","19","16","62","56","41","41","30","16","134","41,5361405381661","2,44478399930127","POINT (2.44478399930127 41.5361405381661)"
"6-10-01","202","104","98","19","22","11","8","38","36","25","25","11","7","103","41,5320354032016","2,43720218346706","POINT (2.43720218346706 41.5320354032016)"
"6-10-04","283","132","151","22","34","15","18","43","58","28","29","24","12","101","41,5323255608058","2,43640269300079","POINT (2.43640269300079 41.5323255608058)"
"6-10-03","151","77","74","7","14","12","9","21","24","23","18","14","9","63","41,5326522972139","2,43678822472182","POINT (2.43678822472182 41.5326522972139)"
"6-10-08","221","109","112","19","24","14","14","39","44","25","23","12","7","109","41,5326320069464","2,43791780299375","POINT (2.43791780299375 41.5326320069464)"
"6-14-06","274","145","129","23","12","21","22","29","31","48","42","24","22","116","41,5368181893744","2,43436762994748","POINT (2.43436762994748 41.5368181893744)"
"5-9-06","202","100","102","16","19","10","14","31","32","17","24","26","13","80","41,5367720223011","2,42325499632581","POINT (2.42325499632581 41.5367720223011)"
"6-1-03","299","152","147","36","42","11","8","64","54","24","30","17","13","102","41,5328048016203","2,44291890005657","POINT (2.44291890005657 41.5328048016203)"
"6-10-05","397","210","187","40","32","24","31","57","60","51","43","38","21","144","41,5329688690252","2,43605131243902","POINT (2.43605131243902 41.5329688690252)"
"6-10-02","159","84","75","20","15","6","7","30","29","21","22","7","2","76","41,5330905589955","2,4373585015053","POINT (2.4373585015053 41.5330905589955)"
"6-13-08","118","89","29","0","0","0","0","0","0","3","1","86","28","","41,5367677730469","2,42926775243399","POINT (2.42926775243399 41.5367677730469)"
"6-7-04","382","201","181","39","42","21","18","69","73","46","39","26","9","105","41,5369414800425","2,4317778932665","POINT (2.4317778932665 41.5369414800425)"
"6-4-04","174","91","83","12","14","8","8","35","30","18","17","18","14","85","41,536688933832","2,43867467585857","POINT (2.43867467585857 41.536688933832)"
"6-4-01","107","48","59","4","12","12","12","13","18","13","15","6","2","51","41,5369473037234","2,4402656628929","POINT (2.4402656628929 41.5369473037234)"
"6-1-04","932","493","439","77","79","53","61","144","136","126","111","93","52","330","41,5331780901114","2,44360455223568","POINT (2.44360455223568 41.5331780901114)"
"6-3-12","95","48","47","8","11","7","6","15","12","12","9","6","9","56","41,533332643147","2,43877847769783","POINT (2.43877847769783 41.533332643147)"
"6-10-06","86","39","47","7","11","5","9","16","14","7","10","4","3","37","41,5335219130093","2,43680774915061","POINT (2.43680774915061 41.5335219130093)"
"5-13-02","368","192","176","31","30","14","20","54","59","64","50","29","17","152","41,5369919119982","2,4280756568204","POINT (2.4280756568204 41.5369919119982)"
"6-14-04","358","191","167","25","30","20","24","53","53","49","39","44","21","117","41,5370333797659","2,43590406407953","POINT (2.43590406407953 41.5370333797659)"
"1-1-08","139","71","68","8","11","1","7","28","30","18","9","16","11","54","41,5369457299729","2,44155595830507","POINT (2.44155595830507 41.5369457299729)"
"1-2-08","159","84","75","15","6","13","16","23","17","23","29","10","7","82","41,5369795720398","2,44861282346523","POINT (2.44861282346523 41.5369795720398)"
"6-2-03","69","41","28","6","2","3","4","13","13","8","4","11","5","26","41,5335763209605","2,44210763987699","POINT (2.44210763987699 41.5335763209605)"
"6-1-05","552","288","264","26","52","34","27","90","89","90","59","48","37","201","41,5336862073996","2,44438010653596","POINT (2.44438010653596 41.5336862073996)"
"6-3-11","188","89","99","11","20","6","14","37","31","25","26","10","8","96","41,5337673316484","2,43822495549023","POINT (2.43822495549023 41.5337673316484)"
"5-10-03","158","74","84","10","20","10","12","22","25","21","17","11","10","77","41,5370650209069","2,42388721607486","POINT (2.42388721607486 41.5370650209069)"
"6-7-02","149","74","75","9","15","3","6","15","21","19","16","28","17","59","41,5371405399046","2,43270428606071","POINT (2.43270428606071 41.5371405399046)"
"5-9-01","280","134","146","22","31","11","21","48","54","26","24","27","16","109","41,5369810136361","2,42160491032591","POINT (2.42160491032591 41.5369810136361)"
"5-9-02","212","107","105","16","16","13","24","35","37","26","22","17","6","79","41,5371233470688","2,42213023581487","POINT (2.42213023581487 41.5371233470688)"
"1-2-02","160","94","66","19","14","6","7","33","24","19","13","17","8","51","41,5371622190886","2,4455754513876","POINT (2.4455754513876 41.5371622190886)"
"6-3-09","164","93","71","14","9","9","9","20","16","32","26","18","11","62","41,5340551623048","2,43966194730843","POINT (2.43966194730843 41.5340551623048)"
"1-1-05","124","65","59","13","12","5","4","22","24","13","13","12","6","47","41,534186112431","2,44484303813148","POINT (2.44484303813148 41.534186112431)"
"6-3-10","292","158","134","28","12","21","19","57","63","37","34","15","6","114","41,5341977371124","2,43770691000027","POINT (2.43770691000027 41.5341977371124)"
"6-2-05","94","52","42","8","10","7","4","23","21","6","2","8","5","43","41,5342637946778","2,44136813873316","POINT (2.44136813873316 41.5342637946778)"
"6-5-01","675","358","317","45","51","40","34","101","113","91","72","81","47","164","41,5372465464968","2,43099522696015","POINT (2.43099522696015 41.5372465464968)"
"5-10-01","210","95","115","20","24","10","12","35","43","14","24","16","12","41","41,537306595422","2,42440797095093","POINT (2.42440797095093 41.537306595422)"
"5-9-03","276","131","145","27","36","17","23","44","43","29","35","14","8","79","41,5373381030197","2,4227711196115","POINT (2.4227711196115 41.5373381030197)"
"5-13-03","746","370","376","57","74","62","48","98","121","77","87","76","46","210","41,5375440273465","2,42786727801486","POINT (2.42786727801486 41.5375440273465)"
"1-1-04","217","127","90","27","16","16","13","37","27","26","18","21","16","84","41,5343055280908","2,44537701047143","POINT (2.44537701047143 41.5343055280908)"
"6-3-08","151","83","68","22","13","4","6","28","28","20","17","9","4","78","41,5346060411752","2,439298943174","POINT (2.439298943174 41.5346060411752)"
"6-10-07","991","510","481","74","65","49","62","130","153","139","132","118","69","373","41,5335656602258","2,43455639421391","POINT (2.43455639421391 41.5335656602258)"
"6-11-02","457","237","220","37","34","29","38","71","77","68","48","32","23","191","41,5346318070942","2,43714835017631","POINT (2.43714835017631 41.5346318070942)"
"6-7-01","521","271","250","31","38","35","27","61","76","75","70","69","39","200","41,5374413473564","2,43390425418914","POINT (2.43390425418914 41.5374413473564)"
"1-1-07","183","94","89","13","17","18","12","34","29","19","24","10","7","68","41,5373610988424","2,44217465442084","POINT (2.44217465442084 41.5373610988424)"
"6-8-01","110","58","52","9","10","5","7","17","17","20","15","7","3","54","41,5375665616452","2,42934238385132","POINT (2.42934238385132 41.5375665616452)"
"6-13-02","55","24","31","3","6","1","3","7","6","4","5","9","11","32","41,5375557832263","2,43036016591911","POINT (2.43036016591911 41.5375557832263)"
"6-3-06","178","96","82","11","12","13","10","37","30","19","19","16","11","80","41,5348168156497","2,44077501241397","POINT (2.44077501241397 41.5348168156497)"
"6-12-04","414","218","196","21","25","28","28","43","47","90","70","36","26","223","41,5345395024551","2,43240242053569","POINT (2.43240242053569 41.5345395024551)"
"6-2-04","701","373","328","62","49","33","37","103","105","109","89","66","48","261","41,5344351094156","2,44244270214093","POINT (2.44244270214093 41.5344351094156)"
"6-3-07","189","98","91","11","21","13","13","31","27","25","20","18","10","101","41,5349010699557","2,43862183586718","POINT (2.43862183586718 41.5349010699557)"
"5-10-07","244","118","126","31","30","11","21","40","45","18","20","18","10","43","41,5375252102101","2,42529601407631","POINT (2.42529601407631 41.5375252102101)"
"5-10-04","76","42","34","6","2","9","2","10","12","7","11","10","7","29","41,5376127258212","2,42337538187366","POINT (2.42337538187366 41.5376127258212)"
"2-1-05","398","210","188","46","40","17","26","88","76","38","36","21","10","158","41,5374270048203","2,44944168261684","POINT (2.44944168261684 41.5374270048203)"
"1-2-03","204","108","96","15","13","17","8","35","34","27","25","14","16","80","41,5375370440682","2,44694809292648","POINT (2.44694809292648 41.5375370440682)"
"1-1-03","86","48","38","9","4","5","2","11","14","16","16","7","2","37","41,5348430222823","2,44602291740277","POINT (2.44602291740277 41.5348430222823)"
"6-1-06","616","323","293","49","40","33","35","97","103","87","73","57","42","213","41,534836437834","2,44315603838806","POINT (2.44315603838806 41.534836437834)"
"5-12-01","227","111","116","15","18","17","17","30","34","41","43","8","4","126","41,53521337938","2,4236562617446","POINT (2.4236562617446 41.53521337938)"
"6-11-04","485","238","247","38","55","35","32","83","77","64","73","18","10","222","41,5351762963361","2,43646920191091","POINT (2.43646920191091 41.5351762963361)"
"6-4-03","165","87","78","10","10","15","9","22","21","23","24","17","14","61","41,5375922283882","2,43955722754627","POINT (2.43955722754627 41.5375922283882)"
"6-4-08","379","202","177","33","27","23","22","47","56","65","48","34","24","137","41,5377163291746","2,43538545380174","POINT (2.43538545380174 41.5377163291746)"
"1-4-04","195","98","97","13","12","11","18","31","25","29","29","14","13","93","41,5374433416498","2,44317285270387","POINT (2.44317285270387 41.5374433416498)"
"6-7-03","259","133","126","9","14","19","25","27","28","58","50","20","9","131","41,5376008217151","2,43241073566849","POINT (2.43241073566849 41.5376008217151)"
"5-13-06","73","36","37","7","7","3","1","8","12","10","8","8","9","38","41,535505249758","2,42657584182427","POINT (2.42657584182427 41.535505249758)"
"6-11-01","280","147","133","26","19","15","17","48","54","34","31","24","12","122","41,5353248625673","2,43807968684512","POINT (2.43807968684512 41.5353248625673)"
"5-11-05","706","324","382","74","67","50","60","100","145","64","82","36","28","126","41,5375897866703","2,42696909630499","POINT (2.42696909630499 41.5375897866703)"
"5-8-06","171","85","86","19","20","8","11","30","26","21","22","7","7","77","41,5378062344323","2,42136272725246","POINT (2.42136272725246 41.5378062344323)"
"6-5-02","284","142","142","19","22","20","33","33","42","48","32","22","13","124","41,5378222856801","2,43150912911489","POINT (2.43150912911489 41.5378222856801)"
"5-8-07","199","81","118","14","26","10","18","28","37","12","26","17","11","39","41,5378787230965","2,42189355659413","POINT (2.42189355659413 41.5378787230965)"
"5-10-02","113","54","59","8","10","9","10","17","22","10","11","10","6","36","41,5378750868458","2,42387775153107","POINT (2.42387775153107 41.5378750868458)"
"1-1-09","23","12","11","0","3","1","1","4","3","3","2","4","2","15","41,5379320782356","2,44158002878275","POINT (2.44158002878275 41.5379320782356)"
"1-2-09","154","76","78","24","16","3","3","31","42","16","14","2","3","53","41,5354140170133","2,44680177354341","POINT (2.44680177354341 41.5354140170133)"
"5-10-06","254","104","150","29","25","17","29","37","67","17","25","4","4","47","41,5378695497788","2,4251165750421","POINT (2.4251165750421 41.5378695497788)"
"1-1-11","136","80","56","13","9","6","4","30","24","13","12","18","7","51","41,5379664160059","2,44035223190996","POINT (2.44035223190996 41.5379664160059)"
"1-2-04","202","102","100","16","18","18","13","34","37","23","22","11","10","92","41,5378583052045","2,44770448340041","POINT (2.44770448340041 41.5378583052045)"
"6-3-03","173","91","82","9","11","10","9","33","23","24","28","15","11","76","41,5356504117969","2,44170201285546","POINT (2.44170201285546 41.5356504117969)"
"6-14-01","207","105","102","19","25","11","11","35","37","26","19","14","10","79","41,5356756103983","2,43586255912791","POINT (2.43586255912791 41.5356756103983)"
"5-11-01","583","290","293","46","49","46","46","80","91","91","88","27","19","277","41,5356477188418","2,42296704779279","POINT (2.42296704779279 41.5356477188418)"
"6-12-01","1006","498","508","77","92","76","74","128","162","137","127","80","53","320","41,5350227514308","2,43367306960259","POINT (2.43367306960259 41.5350227514308)"
"6-8-02","68","38","30","5","4","3","3","7","8","10","8","13","7","30","41,5380149487252","2,42960631550867","POINT (2.42960631550867 41.5380149487252)"
"5-8-01","123","61","62","10","9","15","10","14","19","14","17","8","7","54","41,5380911766817","2,42296135468478","POINT (2.42296135468478 41.5380911766817)"
"6-4-10","36","21","15","4","1","2","2","4","4","7","6","4","2","16","41,5382205451998","2,43512614536154","POINT (2.43512614536154 41.5382205451998)"
"5-11-06","719","339","380","75","77","55","61","99","133","67","88","43","21","113","41,5379708468218","2,42656217098355","POINT (2.42656217098355 41.5379708468218)"
"6-4-06","102","61","41","6","5","2","3","11","8","7","9","35","16","26","41,53807697796","2,43732969262667","POINT (2.43732969262667 41.53807697796)"
"6-3-04","239","116","123","21","20","16","14","36","40","27","35","16","14","117","41,5357604810219","2,43973811243074","POINT (2.43973811243074 41.5357604810219)"
"6-11-03","209","93","116","14","21","12","21","42","42","17","27","8","5","95","41,5358418785598","2,43743531436077","POINT (2.43743531436077 41.5358418785598)"
"5-12-02","534","277","257","50","43","30","42","80","72","91","73","26","27","216","41,5359768896428","2,42506769113684","POINT (2.42506769113684 41.5359768896428)"
"1-1-02","248","135","113","30","20","13","14","42","32","32","31","18","16","103","41,535452568091","2,4438221610499","POINT (2.4438221610499 41.535452568091)"
"6-14-03","429","213","216","43","58","20","21","98","86","35","38","17","13","202","41,5360277823882","2,43536606432228","POINT (2.43536606432228 41.5360277823882)"
"1-4-03","107","58","49","14","13","6","3","23","22","8","7","7","4","49","41,5379935583","2,44350068353063","POINT (2.44350068353063 41.5379935583)"
"6-13-03","78","41","37","4","8","5","4","8","6","14","12","10","7","37","41,5381585839583","2,43085268850857","POINT (2.43085268850857 41.5381585839583)"
"6-4-09","27","15","12","3","0","2","0","1","6","3","2","6","4","15","41,5383312167556","2,43569804699218","POINT (2.43569804699218 41.5383312167556)"
"1-1-10","53","29","24","7","5","2","3","11","11","3","3","6","2","22","41,5383154985496","2,44114463287425","POINT (2.44114463287425 41.5383154985496)"
"5-13-05","750","338","412","73","76","48","60","95","148","74","89","48","39","184","41,5360265612436","2,42673359415256","POINT (2.42673359415256 41.5360265612436)"
"6-12-03","281","153","128","16","16","11","9","37","31","60","44","29","28","127","41,535921334721","2,43178316167858","POINT (2.43178316167858 41.535921334721)"
"6-3-02","181","93","88","20","19","9","9","31","31","22","18","11","11","95","41,5360844802674","2,44120639256812","POINT (2.44120639256812 41.5360844802674)"
"5-9-04","111","56","55","9","7","10","8","14","20","17","14","6","6","42","41,5362482817406","2,42201803172732","POINT (2.42201803172732 41.5362482817406)"
"5-13-04","230","118","112","19","17","9","13","33","35","35","26","22","21","82","41,5364027762385","2,42769615953324","POINT (2.42769615953324 41.5364027762385)"
"2-1-06","294","154","140","16","30","24","16","48","45","40","29","26","20","134","41,5380253312445","2,4506605500449","POINT (2.4506605500449 41.5380253312445)"
"6-7-05","67","37","30","6","5","5","4","5","6","14","11","7","4","31","41,5383494191952","2,43360088998697","POINT (2.43360088998697 41.5383494191952)"
"6-5-03","227","119","108","13","14","15","17","23","20","42","36","26","21","118","41,5382928908948","2,43200825499634","POINT (2.43200825499634 41.5382928908948)"
"5-8-02","112","58","54","6","6","9","8","21","17","17","19","5","4","56","41,5383621486392","2,42342781389226","POINT (2.42342781389226 41.5383621486392)"
"5-10-09","320","153","167","32","43","25","30","40","38","36","43","20","13","71","41,5383545425682","2,42605789287141","POINT (2.42605789287141 41.5383545425682)"
"1-2-05","102","52","50","7","10","10","4","20","17","8","13","7","6","50","41,5362451970513","2,44593455204709","POINT (2.44593455204709 41.5362451970513)"
"6-14-05","423","226","197","34","30","29","30","59","52","59","57","45","28","179","41,5364160918544","2,43492001147852","POINT (2.43492001147852 41.5364160918544)"
"6-4-02","342","175","167","33","41","17","17","68","69","37","31","20","9","136","41,536192962634","2,43924161370981","POINT (2.43924161370981 41.536192962634)"
"6-8-04","52","28","24","0","1","2","3","4","5","9","9","13","6","28","41,5384349740938","2,43026747233967","POINT (2.43026747233967 41.5384349740938)"
"1-7-08","179","98","81","8","16","14","10","40","27","23","17","13","11","80","41,5384011229855","2,43873607631623","POINT (2.43873607631623 41.5384011229855)"
"5-10-05","226","115","111","24","22","10","15","32","33","28","24","21","17","86","41,5383246182853","2,42472651625482","POINT (2.42472651625482 41.5383246182853)"
"5-8-04","457","206","251","66","60","16","29","78","98","32","48","14","16","117","41,5385015516284","2,42210366164449","POINT (2.42210366164449 41.5385015516284)"
"6-4-12","132","58","74","12","18","0","12","18","24","19","16","9","4","58","41,5386646607417","2,435153835714","POINT (2.435153835714 41.5386646607417)"
"5-9-05","150","72","78","15","22","6","4","26","29","10","14","15","9","43","41,5364544408345","2,42253886904886","POINT (2.42253886904886 41.5364544408345)"
"6-14-02","182","91","91","15","10","15","17","30","34","21","23","10","7","86","41,5364201816838","2,43668412117332","POINT (2.43668412117332 41.5364201816838)"
"6-3-01","122","66","56","7","13","9","7","20","13","15","17","15","6","48","41,5365204027575","2,44073936625828","POINT (2.44073936625828 41.5365204027575)"
"5-12-03","702","333","369","89","86","37","45","113","142","59","67","35","29","163","41,5364930209302","2,42635886943027","POINT (2.42635886943027 41.5364930209302)"
"2-1-01","288","166","122","30","26","23","16","41","36","39","27","33","17","124","41,5383242536271","2,44880656090176","POINT (2.44880656090176 41.5383242536271)"
"6-5-04","138","76","62","8","8","13","10","21","15","23","20","11","9","65","41,5387460297698","2,43232670233123","POINT (2.43232670233123 41.5387460297698)"
"1-7-05","205","104","101","10","21","17","13","32","26","33","30","12","11","87","41,5385522852989","2,43979384924536","POINT (2.43979384924536 41.5385522852989)"
"5-8-03","160","75","85","3","8","13","16","13","21","35","29","11","11","73","41,5387338283557","2,42308199145869","POINT (2.42308199145869 41.5387338283557)"
"5-1-07","103","59","44","7","3","6","5","6","8","14","12","26","16","51","41,5418478776146","2,43146477116349","POINT (2.43146477116349 41.5418478776146)"
